ArrayTaskID RA DEC PX PMRA PMDEC POSEPOCH
0 0:30:27.4249447 4:51:39.7153 2.8773835086748143 -6.2578345561116056 0.06706353456507053 57849.0
1 0:30:27.4249447 4:51:39.7153 2.8773835086748143 -6.2578345561116056 0.3285732621155879 57849.0
2 0:30:27.4249447 4:51:39.7153 2.8773835086748143 -6.2578345561116056 0.5900829896661053 57849.0
3 0:30:27.4249447 4:51:39.7153 2.8773835086748143 -6.2578345561116056 0.8515927172166227 57849.0
4 0:30:27.4249447 4:51:39.7153 2.8773835086748143 -6.1521722168243835 0.06706353456507053 57849.0
5 0:30:27.4249447 4:51:39.7153 2.8773835086748143 -6.1521722168243835 0.3285732621155879 57849.0
6 0:30:27.4249447 4:51:39.7153 2.8773835086748143 -6.1521722168243835 0.5900829896661053 57849.0
7 0:30:27.4249447 4:51:39.7153 2.8773835086748143 -6.1521722168243835 0.8515927172166227 57849.0
8 0:30:27.4249447 4:51:39.7153 2.8773835086748143 -6.1521722168243835 1.11310244476714 57849.0
9 0:30:27.4249447 4:51:39.7153 2.8773835086748143 -6.0465098775371615 0.06706353456507053 57849.0
10 0:30:27.4249447 4:51:39.7153 2.8773835086748143 -6.0465098775371615 0.3285732621155879 57849.0
11 0:30:27.4249447 4:51:39.7153 2.8773835086748143 -6.0465098775371615 0.5900829896661053 57849.0
12 0:30:27.4249447 4:51:39.7153 2.8773835086748143 -6.0465098775371615 0.8515927172166227 57849.0
13 0:30:27.4249447 4:51:39.7153 2.8773835086748143 -6.0465098775371615 1.11310244476714 57849.0
14 0:30:27.4249447 4:51:39.7153 2.95984364602455 -6.2578345561116056 0.06706353456507053 57849.0
15 0:30:27.4249447 4:51:39.7153 2.95984364602455 -6.2578345561116056 0.3285732621155879 57849.0
16 0:30:27.4249447 4:51:39.7153 2.95984364602455 -6.2578345561116056 0.5900829896661053 57849.0
17 0:30:27.4249447 4:51:39.7153 2.95984364602455 -6.2578345561116056 0.8515927172166227 57849.0
18 0:30:27.4249447 4:51:39.7153 2.95984364602455 -6.1521722168243835 0.06706353456507053 57849.0
19 0:30:27.4249447 4:51:39.7153 2.95984364602455 -6.1521722168243835 0.3285732621155879 57849.0
20 0:30:27.4249447 4:51:39.7153 2.95984364602455 -6.1521722168243835 0.5900829896661053 57849.0
21 0:30:27.4249447 4:51:39.7153 2.95984364602455 -6.1521722168243835 0.8515927172166227 57849.0
22 0:30:27.4249447 4:51:39.7153 2.95984364602455 -6.1521722168243835 1.11310244476714 57849.0
23 0:30:27.4249447 4:51:39.7153 2.95984364602455 -6.0465098775371615 0.06706353456507053 57849.0
24 0:30:27.4249447 4:51:39.7153 2.95984364602455 -6.0465098775371615 0.3285732621155879 57849.0
25 0:30:27.4249447 4:51:39.7153 2.95984364602455 -6.0465098775371615 0.5900829896661053 57849.0
26 0:30:27.4249447 4:51:39.7153 2.95984364602455 -6.0465098775371615 0.8515927172166227 57849.0
27 0:30:27.4249447 4:51:39.7153 2.95984364602455 -6.0465098775371615 1.11310244476714 57849.0
28 0:30:27.4249447 4:51:39.7153 3.042303783374286 -6.2578345561116056 0.06706353456507053 57849.0
29 0:30:27.4249447 4:51:39.7153 3.042303783374286 -6.2578345561116056 0.3285732621155879 57849.0
30 0:30:27.4249447 4:51:39.7153 3.042303783374286 -6.2578345561116056 0.5900829896661053 57849.0
31 0:30:27.4249447 4:51:39.7153 3.042303783374286 -6.2578345561116056 0.8515927172166227 57849.0
32 0:30:27.4249447 4:51:39.7153 3.042303783374286 -6.1521722168243835 0.06706353456507053 57849.0
33 0:30:27.4249447 4:51:39.7153 3.042303783374286 -6.1521722168243835 0.3285732621155879 57849.0
34 0:30:27.4249447 4:51:39.7153 3.042303783374286 -6.1521722168243835 0.5900829896661053 57849.0
35 0:30:27.4249447 4:51:39.7153 3.042303783374286 -6.1521722168243835 0.8515927172166227 57849.0
36 0:30:27.4249447 4:51:39.7153 3.042303783374286 -6.1521722168243835 1.11310244476714 57849.0
37 0:30:27.4249447 4:51:39.7153 3.042303783374286 -6.0465098775371615 0.06706353456507053 57849.0
38 0:30:27.4249447 4:51:39.7153 3.042303783374286 -6.0465098775371615 0.3285732621155879 57849.0
39 0:30:27.4249447 4:51:39.7153 3.042303783374286 -6.0465098775371615 0.5900829896661053 57849.0
40 0:30:27.4249447 4:51:39.7153 3.042303783374286 -6.0465098775371615 0.8515927172166227 57849.0
41 0:30:27.4249447 4:51:39.7153 3.042303783374286 -6.0465098775371615 1.11310244476714 57849.0
42 0:30:27.4249447 4:51:39.7153 3.1247639207240216 -6.2578345561116056 0.06706353456507053 57849.0
43 0:30:27.4249447 4:51:39.7153 3.1247639207240216 -6.2578345561116056 0.3285732621155879 57849.0
44 0:30:27.4249447 4:51:39.7153 3.1247639207240216 -6.2578345561116056 0.5900829896661053 57849.0
45 0:30:27.4249447 4:51:39.7153 3.1247639207240216 -6.2578345561116056 0.8515927172166227 57849.0
46 0:30:27.4249447 4:51:39.7153 3.1247639207240216 -6.1521722168243835 0.06706353456507053 57849.0
47 0:30:27.4249447 4:51:39.7153 3.1247639207240216 -6.1521722168243835 0.3285732621155879 57849.0
48 0:30:27.4249447 4:51:39.7153 3.1247639207240216 -6.1521722168243835 0.5900829896661053 57849.0
49 0:30:27.4249447 4:51:39.7153 3.1247639207240216 -6.1521722168243835 0.8515927172166227 57849.0
50 0:30:27.4249447 4:51:39.7153 3.1247639207240216 -6.1521722168243835 1.11310244476714 57849.0
51 0:30:27.4249447 4:51:39.7153 3.1247639207240216 -6.0465098775371615 0.06706353456507053 57849.0
52 0:30:27.4249447 4:51:39.7153 3.1247639207240216 -6.0465098775371615 0.3285732621155879 57849.0
53 0:30:27.4249447 4:51:39.7153 3.1247639207240216 -6.0465098775371615 0.5900829896661053 57849.0
54 0:30:27.4249447 4:51:39.7153 3.1247639207240216 -6.0465098775371615 0.8515927172166227 57849.0
55 0:30:27.4249447 4:51:39.7153 3.1247639207240216 -6.0465098775371615 1.11310244476714 57849.0
56 0:30:27.4249447 4:51:39.7153 3.2072240580737574 -6.2578345561116056 0.06706353456507053 57849.0
57 0:30:27.4249447 4:51:39.7153 3.2072240580737574 -6.2578345561116056 0.3285732621155879 57849.0
58 0:30:27.4249447 4:51:39.7153 3.2072240580737574 -6.2578345561116056 0.5900829896661053 57849.0
59 0:30:27.4249447 4:51:39.7153 3.2072240580737574 -6.2578345561116056 0.8515927172166227 57849.0
60 0:30:27.4249447 4:51:39.7153 3.2072240580737574 -6.1521722168243835 0.06706353456507053 57849.0
61 0:30:27.4249447 4:51:39.7153 3.2072240580737574 -6.1521722168243835 0.3285732621155879 57849.0
62 0:30:27.4249447 4:51:39.7153 3.2072240580737574 -6.1521722168243835 0.5900829896661053 57849.0
63 0:30:27.4249447 4:51:39.7153 3.2072240580737574 -6.1521722168243835 0.8515927172166227 57849.0
64 0:30:27.4249447 4:51:39.7153 3.2072240580737574 -6.1521722168243835 1.11310244476714 57849.0
65 0:30:27.4249447 4:51:39.7153 3.2072240580737574 -6.0465098775371615 0.06706353456507053 57849.0
66 0:30:27.4249447 4:51:39.7153 3.2072240580737574 -6.0465098775371615 0.3285732621155879 57849.0
67 0:30:27.4249447 4:51:39.7153 3.2072240580737574 -6.0465098775371615 0.5900829896661053 57849.0
68 0:30:27.4249447 4:51:39.7153 3.2072240580737574 -6.0465098775371615 0.8515927172166227 57849.0
69 0:30:27.4249447 4:51:39.7153 3.2072240580737574 -6.0465098775371615 1.11310244476714 57849.0
70 0:30:27.4249447 4:51:39.7156 2.8773835086748143 -6.2578345561116056 0.06706353456507053 57849.0
71 0:30:27.4249447 4:51:39.7156 2.8773835086748143 -6.2578345561116056 0.3285732621155879 57849.0
72 0:30:27.4249447 4:51:39.7156 2.8773835086748143 -6.2578345561116056 0.5900829896661053 57849.0
73 0:30:27.4249447 4:51:39.7156 2.8773835086748143 -6.2578345561116056 0.8515927172166227 57849.0
74 0:30:27.4249447 4:51:39.7156 2.8773835086748143 -6.1521722168243835 0.06706353456507053 57849.0
75 0:30:27.4249447 4:51:39.7156 2.8773835086748143 -6.1521722168243835 0.3285732621155879 57849.0
76 0:30:27.4249447 4:51:39.7156 2.8773835086748143 -6.1521722168243835 0.5900829896661053 57849.0
77 0:30:27.4249447 4:51:39.7156 2.8773835086748143 -6.1521722168243835 0.8515927172166227 57849.0
78 0:30:27.4249447 4:51:39.7156 2.8773835086748143 -6.1521722168243835 1.11310244476714 57849.0
79 0:30:27.4249447 4:51:39.7156 2.8773835086748143 -6.0465098775371615 0.06706353456507053 57849.0
80 0:30:27.4249447 4:51:39.7156 2.8773835086748143 -6.0465098775371615 0.3285732621155879 57849.0
81 0:30:27.4249447 4:51:39.7156 2.8773835086748143 -6.0465098775371615 0.5900829896661053 57849.0
82 0:30:27.4249447 4:51:39.7156 2.8773835086748143 -6.0465098775371615 0.8515927172166227 57849.0
83 0:30:27.4249447 4:51:39.7156 2.8773835086748143 -6.0465098775371615 1.11310244476714 57849.0
84 0:30:27.4249447 4:51:39.7156 2.95984364602455 -6.2578345561116056 0.06706353456507053 57849.0
85 0:30:27.4249447 4:51:39.7156 2.95984364602455 -6.2578345561116056 0.3285732621155879 57849.0
86 0:30:27.4249447 4:51:39.7156 2.95984364602455 -6.2578345561116056 0.5900829896661053 57849.0
87 0:30:27.4249447 4:51:39.7156 2.95984364602455 -6.2578345561116056 0.8515927172166227 57849.0
88 0:30:27.4249447 4:51:39.7156 2.95984364602455 -6.1521722168243835 0.06706353456507053 57849.0
89 0:30:27.4249447 4:51:39.7156 2.95984364602455 -6.1521722168243835 0.3285732621155879 57849.0
90 0:30:27.4249447 4:51:39.7156 2.95984364602455 -6.1521722168243835 0.5900829896661053 57849.0
91 0:30:27.4249447 4:51:39.7156 2.95984364602455 -6.1521722168243835 0.8515927172166227 57849.0
92 0:30:27.4249447 4:51:39.7156 2.95984364602455 -6.1521722168243835 1.11310244476714 57849.0
93 0:30:27.4249447 4:51:39.7156 2.95984364602455 -6.0465098775371615 0.06706353456507053 57849.0
94 0:30:27.4249447 4:51:39.7156 2.95984364602455 -6.0465098775371615 0.3285732621155879 57849.0
95 0:30:27.4249447 4:51:39.7156 2.95984364602455 -6.0465098775371615 0.5900829896661053 57849.0
96 0:30:27.4249447 4:51:39.7156 2.95984364602455 -6.0465098775371615 0.8515927172166227 57849.0
97 0:30:27.4249447 4:51:39.7156 2.95984364602455 -6.0465098775371615 1.11310244476714 57849.0
98 0:30:27.4249447 4:51:39.7156 3.042303783374286 -6.2578345561116056 0.06706353456507053 57849.0
99 0:30:27.4249447 4:51:39.7156 3.042303783374286 -6.2578345561116056 0.3285732621155879 57849.0
100 0:30:27.4249447 4:51:39.7156 3.042303783374286 -6.2578345561116056 0.5900829896661053 57849.0
101 0:30:27.4249447 4:51:39.7156 3.042303783374286 -6.2578345561116056 0.8515927172166227 57849.0
102 0:30:27.4249447 4:51:39.7156 3.042303783374286 -6.1521722168243835 0.06706353456507053 57849.0
103 0:30:27.4249447 4:51:39.7156 3.042303783374286 -6.1521722168243835 0.3285732621155879 57849.0
104 0:30:27.4249447 4:51:39.7156 3.042303783374286 -6.1521722168243835 0.5900829896661053 57849.0
105 0:30:27.4249447 4:51:39.7156 3.042303783374286 -6.1521722168243835 0.8515927172166227 57849.0
106 0:30:27.4249447 4:51:39.7156 3.042303783374286 -6.1521722168243835 1.11310244476714 57849.0
107 0:30:27.4249447 4:51:39.7156 3.042303783374286 -6.0465098775371615 0.06706353456507053 57849.0
108 0:30:27.4249447 4:51:39.7156 3.042303783374286 -6.0465098775371615 0.3285732621155879 57849.0
109 0:30:27.4249447 4:51:39.7156 3.042303783374286 -6.0465098775371615 0.5900829896661053 57849.0
110 0:30:27.4249447 4:51:39.7156 3.042303783374286 -6.0465098775371615 0.8515927172166227 57849.0
111 0:30:27.4249447 4:51:39.7156 3.042303783374286 -6.0465098775371615 1.11310244476714 57849.0
112 0:30:27.4249447 4:51:39.7156 3.1247639207240216 -6.2578345561116056 0.06706353456507053 57849.0
113 0:30:27.4249447 4:51:39.7156 3.1247639207240216 -6.2578345561116056 0.3285732621155879 57849.0
114 0:30:27.4249447 4:51:39.7156 3.1247639207240216 -6.2578345561116056 0.5900829896661053 57849.0
115 0:30:27.4249447 4:51:39.7156 3.1247639207240216 -6.2578345561116056 0.8515927172166227 57849.0
116 0:30:27.4249447 4:51:39.7156 3.1247639207240216 -6.1521722168243835 0.06706353456507053 57849.0
117 0:30:27.4249447 4:51:39.7156 3.1247639207240216 -6.1521722168243835 0.3285732621155879 57849.0
118 0:30:27.4249447 4:51:39.7156 3.1247639207240216 -6.1521722168243835 0.5900829896661053 57849.0
119 0:30:27.4249447 4:51:39.7156 3.1247639207240216 -6.1521722168243835 0.8515927172166227 57849.0
120 0:30:27.4249447 4:51:39.7156 3.1247639207240216 -6.1521722168243835 1.11310244476714 57849.0
121 0:30:27.4249447 4:51:39.7156 3.1247639207240216 -6.0465098775371615 0.06706353456507053 57849.0
122 0:30:27.4249447 4:51:39.7156 3.1247639207240216 -6.0465098775371615 0.3285732621155879 57849.0
123 0:30:27.4249447 4:51:39.7156 3.1247639207240216 -6.0465098775371615 0.5900829896661053 57849.0
124 0:30:27.4249447 4:51:39.7156 3.1247639207240216 -6.0465098775371615 0.8515927172166227 57849.0
125 0:30:27.4249447 4:51:39.7156 3.1247639207240216 -6.0465098775371615 1.11310244476714 57849.0
126 0:30:27.4249447 4:51:39.7156 3.2072240580737574 -6.2578345561116056 0.06706353456507053 57849.0
127 0:30:27.4249447 4:51:39.7156 3.2072240580737574 -6.2578345561116056 0.3285732621155879 57849.0
128 0:30:27.4249447 4:51:39.7156 3.2072240580737574 -6.2578345561116056 0.5900829896661053 57849.0
129 0:30:27.4249447 4:51:39.7156 3.2072240580737574 -6.2578345561116056 0.8515927172166227 57849.0
130 0:30:27.4249447 4:51:39.7156 3.2072240580737574 -6.1521722168243835 0.06706353456507053 57849.0
131 0:30:27.4249447 4:51:39.7156 3.2072240580737574 -6.1521722168243835 0.3285732621155879 57849.0
132 0:30:27.4249447 4:51:39.7156 3.2072240580737574 -6.1521722168243835 0.5900829896661053 57849.0
133 0:30:27.4249447 4:51:39.7156 3.2072240580737574 -6.1521722168243835 0.8515927172166227 57849.0
134 0:30:27.4249447 4:51:39.7156 3.2072240580737574 -6.1521722168243835 1.11310244476714 57849.0
135 0:30:27.4249447 4:51:39.7156 3.2072240580737574 -6.0465098775371615 0.06706353456507053 57849.0
136 0:30:27.4249447 4:51:39.7156 3.2072240580737574 -6.0465098775371615 0.3285732621155879 57849.0
137 0:30:27.4249447 4:51:39.7156 3.2072240580737574 -6.0465098775371615 0.5900829896661053 57849.0
138 0:30:27.4249447 4:51:39.7156 3.2072240580737574 -6.0465098775371615 0.8515927172166227 57849.0
139 0:30:27.4249447 4:51:39.7156 3.2072240580737574 -6.0465098775371615 1.11310244476714 57849.0
140 0:30:27.4249447 4:51:39.7159 2.8773835086748143 -6.2578345561116056 0.06706353456507053 57849.0
141 0:30:27.4249447 4:51:39.7159 2.8773835086748143 -6.2578345561116056 0.3285732621155879 57849.0
142 0:30:27.4249447 4:51:39.7159 2.8773835086748143 -6.2578345561116056 0.5900829896661053 57849.0
143 0:30:27.4249447 4:51:39.7159 2.8773835086748143 -6.2578345561116056 0.8515927172166227 57849.0
144 0:30:27.4249447 4:51:39.7159 2.8773835086748143 -6.1521722168243835 0.06706353456507053 57849.0
145 0:30:27.4249447 4:51:39.7159 2.8773835086748143 -6.1521722168243835 0.3285732621155879 57849.0
146 0:30:27.4249447 4:51:39.7159 2.8773835086748143 -6.1521722168243835 0.5900829896661053 57849.0
147 0:30:27.4249447 4:51:39.7159 2.8773835086748143 -6.1521722168243835 0.8515927172166227 57849.0
148 0:30:27.4249447 4:51:39.7159 2.8773835086748143 -6.1521722168243835 1.11310244476714 57849.0
149 0:30:27.4249447 4:51:39.7159 2.8773835086748143 -6.0465098775371615 0.06706353456507053 57849.0
150 0:30:27.4249447 4:51:39.7159 2.8773835086748143 -6.0465098775371615 0.3285732621155879 57849.0
151 0:30:27.4249447 4:51:39.7159 2.8773835086748143 -6.0465098775371615 0.5900829896661053 57849.0
152 0:30:27.4249447 4:51:39.7159 2.8773835086748143 -6.0465098775371615 0.8515927172166227 57849.0
153 0:30:27.4249447 4:51:39.7159 2.8773835086748143 -6.0465098775371615 1.11310244476714 57849.0
154 0:30:27.4249447 4:51:39.7159 2.95984364602455 -6.2578345561116056 0.06706353456507053 57849.0
155 0:30:27.4249447 4:51:39.7159 2.95984364602455 -6.2578345561116056 0.3285732621155879 57849.0
156 0:30:27.4249447 4:51:39.7159 2.95984364602455 -6.2578345561116056 0.5900829896661053 57849.0
157 0:30:27.4249447 4:51:39.7159 2.95984364602455 -6.2578345561116056 0.8515927172166227 57849.0
158 0:30:27.4249447 4:51:39.7159 2.95984364602455 -6.1521722168243835 0.06706353456507053 57849.0
159 0:30:27.4249447 4:51:39.7159 2.95984364602455 -6.1521722168243835 0.3285732621155879 57849.0
160 0:30:27.4249447 4:51:39.7159 2.95984364602455 -6.1521722168243835 0.5900829896661053 57849.0
161 0:30:27.4249447 4:51:39.7159 2.95984364602455 -6.1521722168243835 0.8515927172166227 57849.0
162 0:30:27.4249447 4:51:39.7159 2.95984364602455 -6.1521722168243835 1.11310244476714 57849.0
163 0:30:27.4249447 4:51:39.7159 2.95984364602455 -6.0465098775371615 0.06706353456507053 57849.0
164 0:30:27.4249447 4:51:39.7159 2.95984364602455 -6.0465098775371615 0.3285732621155879 57849.0
165 0:30:27.4249447 4:51:39.7159 2.95984364602455 -6.0465098775371615 0.5900829896661053 57849.0
166 0:30:27.4249447 4:51:39.7159 2.95984364602455 -6.0465098775371615 0.8515927172166227 57849.0
167 0:30:27.4249447 4:51:39.7159 2.95984364602455 -6.0465098775371615 1.11310244476714 57849.0
168 0:30:27.4249447 4:51:39.7159 3.042303783374286 -6.2578345561116056 0.06706353456507053 57849.0
169 0:30:27.4249447 4:51:39.7159 3.042303783374286 -6.2578345561116056 0.3285732621155879 57849.0
170 0:30:27.4249447 4:51:39.7159 3.042303783374286 -6.2578345561116056 0.5900829896661053 57849.0
171 0:30:27.4249447 4:51:39.7159 3.042303783374286 -6.2578345561116056 0.8515927172166227 57849.0
172 0:30:27.4249447 4:51:39.7159 3.042303783374286 -6.1521722168243835 0.06706353456507053 57849.0
173 0:30:27.4249447 4:51:39.7159 3.042303783374286 -6.1521722168243835 0.3285732621155879 57849.0
174 0:30:27.4249447 4:51:39.7159 3.042303783374286 -6.1521722168243835 0.5900829896661053 57849.0
175 0:30:27.4249447 4:51:39.7159 3.042303783374286 -6.1521722168243835 0.8515927172166227 57849.0
176 0:30:27.4249447 4:51:39.7159 3.042303783374286 -6.1521722168243835 1.11310244476714 57849.0
177 0:30:27.4249447 4:51:39.7159 3.042303783374286 -6.0465098775371615 0.06706353456507053 57849.0
178 0:30:27.4249447 4:51:39.7159 3.042303783374286 -6.0465098775371615 0.3285732621155879 57849.0
179 0:30:27.4249447 4:51:39.7159 3.042303783374286 -6.0465098775371615 0.5900829896661053 57849.0
180 0:30:27.4249447 4:51:39.7159 3.042303783374286 -6.0465098775371615 0.8515927172166227 57849.0
181 0:30:27.4249447 4:51:39.7159 3.042303783374286 -6.0465098775371615 1.11310244476714 57849.0
182 0:30:27.4249447 4:51:39.7159 3.1247639207240216 -6.2578345561116056 0.06706353456507053 57849.0
183 0:30:27.4249447 4:51:39.7159 3.1247639207240216 -6.2578345561116056 0.3285732621155879 57849.0
184 0:30:27.4249447 4:51:39.7159 3.1247639207240216 -6.2578345561116056 0.5900829896661053 57849.0
185 0:30:27.4249447 4:51:39.7159 3.1247639207240216 -6.2578345561116056 0.8515927172166227 57849.0
186 0:30:27.4249447 4:51:39.7159 3.1247639207240216 -6.1521722168243835 0.06706353456507053 57849.0
187 0:30:27.4249447 4:51:39.7159 3.1247639207240216 -6.1521722168243835 0.3285732621155879 57849.0
188 0:30:27.4249447 4:51:39.7159 3.1247639207240216 -6.1521722168243835 0.5900829896661053 57849.0
189 0:30:27.4249447 4:51:39.7159 3.1247639207240216 -6.1521722168243835 0.8515927172166227 57849.0
190 0:30:27.4249447 4:51:39.7159 3.1247639207240216 -6.1521722168243835 1.11310244476714 57849.0
191 0:30:27.4249447 4:51:39.7159 3.1247639207240216 -6.0465098775371615 0.06706353456507053 57849.0
192 0:30:27.4249447 4:51:39.7159 3.1247639207240216 -6.0465098775371615 0.3285732621155879 57849.0
193 0:30:27.4249447 4:51:39.7159 3.1247639207240216 -6.0465098775371615 0.5900829896661053 57849.0
194 0:30:27.4249447 4:51:39.7159 3.1247639207240216 -6.0465098775371615 0.8515927172166227 57849.0
195 0:30:27.4249447 4:51:39.7159 3.1247639207240216 -6.0465098775371615 1.11310244476714 57849.0
196 0:30:27.4249447 4:51:39.7159 3.2072240580737574 -6.2578345561116056 0.06706353456507053 57849.0
197 0:30:27.4249447 4:51:39.7159 3.2072240580737574 -6.2578345561116056 0.3285732621155879 57849.0
198 0:30:27.4249447 4:51:39.7159 3.2072240580737574 -6.2578345561116056 0.5900829896661053 57849.0
199 0:30:27.4249447 4:51:39.7159 3.2072240580737574 -6.2578345561116056 0.8515927172166227 57849.0
200 0:30:27.4249447 4:51:39.7159 3.2072240580737574 -6.1521722168243835 0.06706353456507053 57849.0
201 0:30:27.4249447 4:51:39.7159 3.2072240580737574 -6.1521722168243835 0.3285732621155879 57849.0
202 0:30:27.4249447 4:51:39.7159 3.2072240580737574 -6.1521722168243835 0.5900829896661053 57849.0
203 0:30:27.4249447 4:51:39.7159 3.2072240580737574 -6.1521722168243835 0.8515927172166227 57849.0
204 0:30:27.4249447 4:51:39.7159 3.2072240580737574 -6.1521722168243835 1.11310244476714 57849.0
205 0:30:27.4249447 4:51:39.7159 3.2072240580737574 -6.0465098775371615 0.06706353456507053 57849.0
206 0:30:27.4249447 4:51:39.7159 3.2072240580737574 -6.0465098775371615 0.3285732621155879 57849.0
207 0:30:27.4249447 4:51:39.7159 3.2072240580737574 -6.0465098775371615 0.5900829896661053 57849.0
208 0:30:27.4249447 4:51:39.7159 3.2072240580737574 -6.0465098775371615 0.8515927172166227 57849.0
209 0:30:27.4249447 4:51:39.7159 3.2072240580737574 -6.0465098775371615 1.11310244476714 57849.0
210 0:30:27.4249447 4:51:39.7162 2.8773835086748143 -6.2578345561116056 0.06706353456507053 57849.0
211 0:30:27.4249447 4:51:39.7162 2.8773835086748143 -6.2578345561116056 0.3285732621155879 57849.0
212 0:30:27.4249447 4:51:39.7162 2.8773835086748143 -6.2578345561116056 0.5900829896661053 57849.0
213 0:30:27.4249447 4:51:39.7162 2.8773835086748143 -6.2578345561116056 0.8515927172166227 57849.0
214 0:30:27.4249447 4:51:39.7162 2.8773835086748143 -6.1521722168243835 0.06706353456507053 57849.0
215 0:30:27.4249447 4:51:39.7162 2.8773835086748143 -6.1521722168243835 0.3285732621155879 57849.0
216 0:30:27.4249447 4:51:39.7162 2.8773835086748143 -6.1521722168243835 0.5900829896661053 57849.0
217 0:30:27.4249447 4:51:39.7162 2.8773835086748143 -6.1521722168243835 0.8515927172166227 57849.0
218 0:30:27.4249447 4:51:39.7162 2.8773835086748143 -6.1521722168243835 1.11310244476714 57849.0
219 0:30:27.4249447 4:51:39.7162 2.8773835086748143 -6.0465098775371615 0.06706353456507053 57849.0
220 0:30:27.4249447 4:51:39.7162 2.8773835086748143 -6.0465098775371615 0.3285732621155879 57849.0
221 0:30:27.4249447 4:51:39.7162 2.8773835086748143 -6.0465098775371615 0.5900829896661053 57849.0
222 0:30:27.4249447 4:51:39.7162 2.8773835086748143 -6.0465098775371615 0.8515927172166227 57849.0
223 0:30:27.4249447 4:51:39.7162 2.8773835086748143 -6.0465098775371615 1.11310244476714 57849.0
224 0:30:27.4249447 4:51:39.7162 2.95984364602455 -6.2578345561116056 0.06706353456507053 57849.0
225 0:30:27.4249447 4:51:39.7162 2.95984364602455 -6.2578345561116056 0.3285732621155879 57849.0
226 0:30:27.4249447 4:51:39.7162 2.95984364602455 -6.2578345561116056 0.5900829896661053 57849.0
227 0:30:27.4249447 4:51:39.7162 2.95984364602455 -6.2578345561116056 0.8515927172166227 57849.0
228 0:30:27.4249447 4:51:39.7162 2.95984364602455 -6.1521722168243835 0.06706353456507053 57849.0
229 0:30:27.4249447 4:51:39.7162 2.95984364602455 -6.1521722168243835 0.3285732621155879 57849.0
230 0:30:27.4249447 4:51:39.7162 2.95984364602455 -6.1521722168243835 0.5900829896661053 57849.0
231 0:30:27.4249447 4:51:39.7162 2.95984364602455 -6.1521722168243835 0.8515927172166227 57849.0
232 0:30:27.4249447 4:51:39.7162 2.95984364602455 -6.1521722168243835 1.11310244476714 57849.0
233 0:30:27.4249447 4:51:39.7162 2.95984364602455 -6.0465098775371615 0.06706353456507053 57849.0
234 0:30:27.4249447 4:51:39.7162 2.95984364602455 -6.0465098775371615 0.3285732621155879 57849.0
235 0:30:27.4249447 4:51:39.7162 2.95984364602455 -6.0465098775371615 0.5900829896661053 57849.0
236 0:30:27.4249447 4:51:39.7162 2.95984364602455 -6.0465098775371615 0.8515927172166227 57849.0
237 0:30:27.4249447 4:51:39.7162 2.95984364602455 -6.0465098775371615 1.11310244476714 57849.0
238 0:30:27.4249447 4:51:39.7162 3.042303783374286 -6.2578345561116056 0.06706353456507053 57849.0
239 0:30:27.4249447 4:51:39.7162 3.042303783374286 -6.2578345561116056 0.3285732621155879 57849.0
240 0:30:27.4249447 4:51:39.7162 3.042303783374286 -6.2578345561116056 0.5900829896661053 57849.0
241 0:30:27.4249447 4:51:39.7162 3.042303783374286 -6.2578345561116056 0.8515927172166227 57849.0
242 0:30:27.4249447 4:51:39.7162 3.042303783374286 -6.1521722168243835 0.06706353456507053 57849.0
243 0:30:27.4249447 4:51:39.7162 3.042303783374286 -6.1521722168243835 0.3285732621155879 57849.0
244 0:30:27.4249447 4:51:39.7162 3.042303783374286 -6.1521722168243835 0.5900829896661053 57849.0
245 0:30:27.4249447 4:51:39.7162 3.042303783374286 -6.1521722168243835 0.8515927172166227 57849.0
246 0:30:27.4249447 4:51:39.7162 3.042303783374286 -6.1521722168243835 1.11310244476714 57849.0
247 0:30:27.4249447 4:51:39.7162 3.042303783374286 -6.0465098775371615 0.06706353456507053 57849.0
248 0:30:27.4249447 4:51:39.7162 3.042303783374286 -6.0465098775371615 0.3285732621155879 57849.0
249 0:30:27.4249447 4:51:39.7162 3.042303783374286 -6.0465098775371615 0.5900829896661053 57849.0
250 0:30:27.4249447 4:51:39.7162 3.042303783374286 -6.0465098775371615 0.8515927172166227 57849.0
251 0:30:27.4249447 4:51:39.7162 3.042303783374286 -6.0465098775371615 1.11310244476714 57849.0
252 0:30:27.4249447 4:51:39.7162 3.1247639207240216 -6.2578345561116056 0.06706353456507053 57849.0
253 0:30:27.4249447 4:51:39.7162 3.1247639207240216 -6.2578345561116056 0.3285732621155879 57849.0
254 0:30:27.4249447 4:51:39.7162 3.1247639207240216 -6.2578345561116056 0.5900829896661053 57849.0
255 0:30:27.4249447 4:51:39.7162 3.1247639207240216 -6.2578345561116056 0.8515927172166227 57849.0
256 0:30:27.4249447 4:51:39.7162 3.1247639207240216 -6.1521722168243835 0.06706353456507053 57849.0
257 0:30:27.4249447 4:51:39.7162 3.1247639207240216 -6.1521722168243835 0.3285732621155879 57849.0
258 0:30:27.4249447 4:51:39.7162 3.1247639207240216 -6.1521722168243835 0.5900829896661053 57849.0
259 0:30:27.4249447 4:51:39.7162 3.1247639207240216 -6.1521722168243835 0.8515927172166227 57849.0
260 0:30:27.4249447 4:51:39.7162 3.1247639207240216 -6.1521722168243835 1.11310244476714 57849.0
261 0:30:27.4249447 4:51:39.7162 3.1247639207240216 -6.0465098775371615 0.06706353456507053 57849.0
262 0:30:27.4249447 4:51:39.7162 3.1247639207240216 -6.0465098775371615 0.3285732621155879 57849.0
263 0:30:27.4249447 4:51:39.7162 3.1247639207240216 -6.0465098775371615 0.5900829896661053 57849.0
264 0:30:27.4249447 4:51:39.7162 3.1247639207240216 -6.0465098775371615 0.8515927172166227 57849.0
265 0:30:27.4249447 4:51:39.7162 3.1247639207240216 -6.0465098775371615 1.11310244476714 57849.0
266 0:30:27.4249447 4:51:39.7162 3.2072240580737574 -6.2578345561116056 0.06706353456507053 57849.0
267 0:30:27.4249447 4:51:39.7162 3.2072240580737574 -6.2578345561116056 0.3285732621155879 57849.0
268 0:30:27.4249447 4:51:39.7162 3.2072240580737574 -6.2578345561116056 0.5900829896661053 57849.0
269 0:30:27.4249447 4:51:39.7162 3.2072240580737574 -6.2578345561116056 0.8515927172166227 57849.0
270 0:30:27.4249447 4:51:39.7162 3.2072240580737574 -6.1521722168243835 0.06706353456507053 57849.0
271 0:30:27.4249447 4:51:39.7162 3.2072240580737574 -6.1521722168243835 0.3285732621155879 57849.0
272 0:30:27.4249447 4:51:39.7162 3.2072240580737574 -6.1521722168243835 0.5900829896661053 57849.0
273 0:30:27.4249447 4:51:39.7162 3.2072240580737574 -6.1521722168243835 0.8515927172166227 57849.0
274 0:30:27.4249447 4:51:39.7162 3.2072240580737574 -6.1521722168243835 1.11310244476714 57849.0
275 0:30:27.4249447 4:51:39.7162 3.2072240580737574 -6.0465098775371615 0.06706353456507053 57849.0
276 0:30:27.4249447 4:51:39.7162 3.2072240580737574 -6.0465098775371615 0.3285732621155879 57849.0
277 0:30:27.4249447 4:51:39.7162 3.2072240580737574 -6.0465098775371615 0.5900829896661053 57849.0
278 0:30:27.4249447 4:51:39.7162 3.2072240580737574 -6.0465098775371615 0.8515927172166227 57849.0
279 0:30:27.4249447 4:51:39.7162 3.2072240580737574 -6.0465098775371615 1.11310244476714 57849.0
280 0:30:27.4249447 4:51:39.7165 2.8773835086748143 -6.2578345561116056 0.06706353456507053 57849.0
281 0:30:27.4249447 4:51:39.7165 2.8773835086748143 -6.2578345561116056 0.3285732621155879 57849.0
282 0:30:27.4249447 4:51:39.7165 2.8773835086748143 -6.2578345561116056 0.5900829896661053 57849.0
283 0:30:27.4249447 4:51:39.7165 2.8773835086748143 -6.2578345561116056 0.8515927172166227 57849.0
284 0:30:27.4249447 4:51:39.7165 2.8773835086748143 -6.1521722168243835 0.06706353456507053 57849.0
285 0:30:27.4249447 4:51:39.7165 2.8773835086748143 -6.1521722168243835 0.3285732621155879 57849.0
286 0:30:27.4249447 4:51:39.7165 2.8773835086748143 -6.1521722168243835 0.5900829896661053 57849.0
287 0:30:27.4249447 4:51:39.7165 2.8773835086748143 -6.1521722168243835 0.8515927172166227 57849.0
288 0:30:27.4249447 4:51:39.7165 2.8773835086748143 -6.1521722168243835 1.11310244476714 57849.0
289 0:30:27.4249447 4:51:39.7165 2.8773835086748143 -6.0465098775371615 0.06706353456507053 57849.0
290 0:30:27.4249447 4:51:39.7165 2.8773835086748143 -6.0465098775371615 0.3285732621155879 57849.0
291 0:30:27.4249447 4:51:39.7165 2.8773835086748143 -6.0465098775371615 0.5900829896661053 57849.0
292 0:30:27.4249447 4:51:39.7165 2.8773835086748143 -6.0465098775371615 0.8515927172166227 57849.0
293 0:30:27.4249447 4:51:39.7165 2.8773835086748143 -6.0465098775371615 1.11310244476714 57849.0
294 0:30:27.4249447 4:51:39.7165 2.95984364602455 -6.2578345561116056 0.06706353456507053 57849.0
295 0:30:27.4249447 4:51:39.7165 2.95984364602455 -6.2578345561116056 0.3285732621155879 57849.0
296 0:30:27.4249447 4:51:39.7165 2.95984364602455 -6.2578345561116056 0.5900829896661053 57849.0
297 0:30:27.4249447 4:51:39.7165 2.95984364602455 -6.2578345561116056 0.8515927172166227 57849.0
298 0:30:27.4249447 4:51:39.7165 2.95984364602455 -6.1521722168243835 0.06706353456507053 57849.0
299 0:30:27.4249447 4:51:39.7165 2.95984364602455 -6.1521722168243835 0.3285732621155879 57849.0
300 0:30:27.4249447 4:51:39.7165 2.95984364602455 -6.1521722168243835 0.5900829896661053 57849.0
301 0:30:27.4249447 4:51:39.7165 2.95984364602455 -6.1521722168243835 0.8515927172166227 57849.0
302 0:30:27.4249447 4:51:39.7165 2.95984364602455 -6.1521722168243835 1.11310244476714 57849.0
303 0:30:27.4249447 4:51:39.7165 2.95984364602455 -6.0465098775371615 0.06706353456507053 57849.0
304 0:30:27.4249447 4:51:39.7165 2.95984364602455 -6.0465098775371615 0.3285732621155879 57849.0
305 0:30:27.4249447 4:51:39.7165 2.95984364602455 -6.0465098775371615 0.5900829896661053 57849.0
306 0:30:27.4249447 4:51:39.7165 2.95984364602455 -6.0465098775371615 0.8515927172166227 57849.0
307 0:30:27.4249447 4:51:39.7165 2.95984364602455 -6.0465098775371615 1.11310244476714 57849.0
308 0:30:27.4249447 4:51:39.7165 3.042303783374286 -6.2578345561116056 0.06706353456507053 57849.0
309 0:30:27.4249447 4:51:39.7165 3.042303783374286 -6.2578345561116056 0.3285732621155879 57849.0
310 0:30:27.4249447 4:51:39.7165 3.042303783374286 -6.2578345561116056 0.5900829896661053 57849.0
311 0:30:27.4249447 4:51:39.7165 3.042303783374286 -6.2578345561116056 0.8515927172166227 57849.0
312 0:30:27.4249447 4:51:39.7165 3.042303783374286 -6.1521722168243835 0.06706353456507053 57849.0
313 0:30:27.4249447 4:51:39.7165 3.042303783374286 -6.1521722168243835 0.3285732621155879 57849.0
314 0:30:27.4249447 4:51:39.7165 3.042303783374286 -6.1521722168243835 0.5900829896661053 57849.0
315 0:30:27.4249447 4:51:39.7165 3.042303783374286 -6.1521722168243835 0.8515927172166227 57849.0
316 0:30:27.4249447 4:51:39.7165 3.042303783374286 -6.1521722168243835 1.11310244476714 57849.0
317 0:30:27.4249447 4:51:39.7165 3.042303783374286 -6.0465098775371615 0.06706353456507053 57849.0
318 0:30:27.4249447 4:51:39.7165 3.042303783374286 -6.0465098775371615 0.3285732621155879 57849.0
319 0:30:27.4249447 4:51:39.7165 3.042303783374286 -6.0465098775371615 0.5900829896661053 57849.0
320 0:30:27.4249447 4:51:39.7165 3.042303783374286 -6.0465098775371615 0.8515927172166227 57849.0
321 0:30:27.4249447 4:51:39.7165 3.042303783374286 -6.0465098775371615 1.11310244476714 57849.0
322 0:30:27.4249447 4:51:39.7165 3.1247639207240216 -6.2578345561116056 0.06706353456507053 57849.0
323 0:30:27.4249447 4:51:39.7165 3.1247639207240216 -6.2578345561116056 0.3285732621155879 57849.0
324 0:30:27.4249447 4:51:39.7165 3.1247639207240216 -6.2578345561116056 0.5900829896661053 57849.0
325 0:30:27.4249447 4:51:39.7165 3.1247639207240216 -6.2578345561116056 0.8515927172166227 57849.0
326 0:30:27.4249447 4:51:39.7165 3.1247639207240216 -6.1521722168243835 0.06706353456507053 57849.0
327 0:30:27.4249447 4:51:39.7165 3.1247639207240216 -6.1521722168243835 0.3285732621155879 57849.0
328 0:30:27.4249447 4:51:39.7165 3.1247639207240216 -6.1521722168243835 0.5900829896661053 57849.0
329 0:30:27.4249447 4:51:39.7165 3.1247639207240216 -6.1521722168243835 0.8515927172166227 57849.0
330 0:30:27.4249447 4:51:39.7165 3.1247639207240216 -6.1521722168243835 1.11310244476714 57849.0
331 0:30:27.4249447 4:51:39.7165 3.1247639207240216 -6.0465098775371615 0.06706353456507053 57849.0
332 0:30:27.4249447 4:51:39.7165 3.1247639207240216 -6.0465098775371615 0.3285732621155879 57849.0
333 0:30:27.4249447 4:51:39.7165 3.1247639207240216 -6.0465098775371615 0.5900829896661053 57849.0
334 0:30:27.4249447 4:51:39.7165 3.1247639207240216 -6.0465098775371615 0.8515927172166227 57849.0
335 0:30:27.4249447 4:51:39.7165 3.1247639207240216 -6.0465098775371615 1.11310244476714 57849.0
336 0:30:27.4249447 4:51:39.7165 3.2072240580737574 -6.2578345561116056 0.06706353456507053 57849.0
337 0:30:27.4249447 4:51:39.7165 3.2072240580737574 -6.2578345561116056 0.3285732621155879 57849.0
338 0:30:27.4249447 4:51:39.7165 3.2072240580737574 -6.2578345561116056 0.5900829896661053 57849.0
339 0:30:27.4249447 4:51:39.7165 3.2072240580737574 -6.2578345561116056 0.8515927172166227 57849.0
340 0:30:27.4249447 4:51:39.7165 3.2072240580737574 -6.1521722168243835 0.06706353456507053 57849.0
341 0:30:27.4249447 4:51:39.7165 3.2072240580737574 -6.1521722168243835 0.3285732621155879 57849.0
342 0:30:27.4249447 4:51:39.7165 3.2072240580737574 -6.1521722168243835 0.5900829896661053 57849.0
343 0:30:27.4249447 4:51:39.7165 3.2072240580737574 -6.1521722168243835 0.8515927172166227 57849.0
344 0:30:27.4249447 4:51:39.7165 3.2072240580737574 -6.1521722168243835 1.11310244476714 57849.0
345 0:30:27.4249447 4:51:39.7165 3.2072240580737574 -6.0465098775371615 0.06706353456507053 57849.0
346 0:30:27.4249447 4:51:39.7165 3.2072240580737574 -6.0465098775371615 0.3285732621155879 57849.0
347 0:30:27.4249447 4:51:39.7165 3.2072240580737574 -6.0465098775371615 0.5900829896661053 57849.0
348 0:30:27.4249447 4:51:39.7165 3.2072240580737574 -6.0465098775371615 0.8515927172166227 57849.0
349 0:30:27.4249447 4:51:39.7165 3.2072240580737574 -6.0465098775371615 1.11310244476714 57849.0
350 0:30:27.42499028 4:51:39.7153 2.8773835086748143 -6.2578345561116056 0.06706353456507053 57849.0
351 0:30:27.42499028 4:51:39.7153 2.8773835086748143 -6.2578345561116056 0.3285732621155879 57849.0
352 0:30:27.42499028 4:51:39.7153 2.8773835086748143 -6.2578345561116056 0.5900829896661053 57849.0
353 0:30:27.42499028 4:51:39.7153 2.8773835086748143 -6.2578345561116056 0.8515927172166227 57849.0
354 0:30:27.42499028 4:51:39.7153 2.8773835086748143 -6.1521722168243835 0.06706353456507053 57849.0
355 0:30:27.42499028 4:51:39.7153 2.8773835086748143 -6.1521722168243835 0.3285732621155879 57849.0
356 0:30:27.42499028 4:51:39.7153 2.8773835086748143 -6.1521722168243835 0.5900829896661053 57849.0
357 0:30:27.42499028 4:51:39.7153 2.8773835086748143 -6.1521722168243835 0.8515927172166227 57849.0
358 0:30:27.42499028 4:51:39.7153 2.8773835086748143 -6.1521722168243835 1.11310244476714 57849.0
359 0:30:27.42499028 4:51:39.7153 2.8773835086748143 -6.0465098775371615 0.06706353456507053 57849.0
360 0:30:27.42499028 4:51:39.7153 2.8773835086748143 -6.0465098775371615 0.3285732621155879 57849.0
361 0:30:27.42499028 4:51:39.7153 2.8773835086748143 -6.0465098775371615 0.5900829896661053 57849.0
362 0:30:27.42499028 4:51:39.7153 2.8773835086748143 -6.0465098775371615 0.8515927172166227 57849.0
363 0:30:27.42499028 4:51:39.7153 2.8773835086748143 -6.0465098775371615 1.11310244476714 57849.0
364 0:30:27.42499028 4:51:39.7153 2.95984364602455 -6.2578345561116056 0.06706353456507053 57849.0
365 0:30:27.42499028 4:51:39.7153 2.95984364602455 -6.2578345561116056 0.3285732621155879 57849.0
366 0:30:27.42499028 4:51:39.7153 2.95984364602455 -6.2578345561116056 0.5900829896661053 57849.0
367 0:30:27.42499028 4:51:39.7153 2.95984364602455 -6.2578345561116056 0.8515927172166227 57849.0
368 0:30:27.42499028 4:51:39.7153 2.95984364602455 -6.1521722168243835 0.06706353456507053 57849.0
369 0:30:27.42499028 4:51:39.7153 2.95984364602455 -6.1521722168243835 0.3285732621155879 57849.0
370 0:30:27.42499028 4:51:39.7153 2.95984364602455 -6.1521722168243835 0.5900829896661053 57849.0
371 0:30:27.42499028 4:51:39.7153 2.95984364602455 -6.1521722168243835 0.8515927172166227 57849.0
372 0:30:27.42499028 4:51:39.7153 2.95984364602455 -6.1521722168243835 1.11310244476714 57849.0
373 0:30:27.42499028 4:51:39.7153 2.95984364602455 -6.0465098775371615 0.06706353456507053 57849.0
374 0:30:27.42499028 4:51:39.7153 2.95984364602455 -6.0465098775371615 0.3285732621155879 57849.0
375 0:30:27.42499028 4:51:39.7153 2.95984364602455 -6.0465098775371615 0.5900829896661053 57849.0
376 0:30:27.42499028 4:51:39.7153 2.95984364602455 -6.0465098775371615 0.8515927172166227 57849.0
377 0:30:27.42499028 4:51:39.7153 2.95984364602455 -6.0465098775371615 1.11310244476714 57849.0
378 0:30:27.42499028 4:51:39.7153 3.042303783374286 -6.2578345561116056 0.06706353456507053 57849.0
379 0:30:27.42499028 4:51:39.7153 3.042303783374286 -6.2578345561116056 0.3285732621155879 57849.0
380 0:30:27.42499028 4:51:39.7153 3.042303783374286 -6.2578345561116056 0.5900829896661053 57849.0
381 0:30:27.42499028 4:51:39.7153 3.042303783374286 -6.2578345561116056 0.8515927172166227 57849.0
382 0:30:27.42499028 4:51:39.7153 3.042303783374286 -6.1521722168243835 0.06706353456507053 57849.0
383 0:30:27.42499028 4:51:39.7153 3.042303783374286 -6.1521722168243835 0.3285732621155879 57849.0
384 0:30:27.42499028 4:51:39.7153 3.042303783374286 -6.1521722168243835 0.5900829896661053 57849.0
385 0:30:27.42499028 4:51:39.7153 3.042303783374286 -6.1521722168243835 0.8515927172166227 57849.0
386 0:30:27.42499028 4:51:39.7153 3.042303783374286 -6.1521722168243835 1.11310244476714 57849.0
387 0:30:27.42499028 4:51:39.7153 3.042303783374286 -6.0465098775371615 0.06706353456507053 57849.0
388 0:30:27.42499028 4:51:39.7153 3.042303783374286 -6.0465098775371615 0.3285732621155879 57849.0
389 0:30:27.42499028 4:51:39.7153 3.042303783374286 -6.0465098775371615 0.5900829896661053 57849.0
390 0:30:27.42499028 4:51:39.7153 3.042303783374286 -6.0465098775371615 0.8515927172166227 57849.0
391 0:30:27.42499028 4:51:39.7153 3.042303783374286 -6.0465098775371615 1.11310244476714 57849.0
392 0:30:27.42499028 4:51:39.7153 3.1247639207240216 -6.2578345561116056 0.06706353456507053 57849.0
393 0:30:27.42499028 4:51:39.7153 3.1247639207240216 -6.2578345561116056 0.3285732621155879 57849.0
394 0:30:27.42499028 4:51:39.7153 3.1247639207240216 -6.2578345561116056 0.5900829896661053 57849.0
395 0:30:27.42499028 4:51:39.7153 3.1247639207240216 -6.2578345561116056 0.8515927172166227 57849.0
396 0:30:27.42499028 4:51:39.7153 3.1247639207240216 -6.1521722168243835 0.06706353456507053 57849.0
397 0:30:27.42499028 4:51:39.7153 3.1247639207240216 -6.1521722168243835 0.3285732621155879 57849.0
398 0:30:27.42499028 4:51:39.7153 3.1247639207240216 -6.1521722168243835 0.5900829896661053 57849.0
399 0:30:27.42499028 4:51:39.7153 3.1247639207240216 -6.1521722168243835 0.8515927172166227 57849.0
400 0:30:27.42499028 4:51:39.7153 3.1247639207240216 -6.1521722168243835 1.11310244476714 57849.0
401 0:30:27.42499028 4:51:39.7153 3.1247639207240216 -6.0465098775371615 0.06706353456507053 57849.0
402 0:30:27.42499028 4:51:39.7153 3.1247639207240216 -6.0465098775371615 0.3285732621155879 57849.0
403 0:30:27.42499028 4:51:39.7153 3.1247639207240216 -6.0465098775371615 0.5900829896661053 57849.0
404 0:30:27.42499028 4:51:39.7153 3.1247639207240216 -6.0465098775371615 0.8515927172166227 57849.0
405 0:30:27.42499028 4:51:39.7153 3.1247639207240216 -6.0465098775371615 1.11310244476714 57849.0
406 0:30:27.42499028 4:51:39.7153 3.2072240580737574 -6.2578345561116056 0.06706353456507053 57849.0
407 0:30:27.42499028 4:51:39.7153 3.2072240580737574 -6.2578345561116056 0.3285732621155879 57849.0
408 0:30:27.42499028 4:51:39.7153 3.2072240580737574 -6.2578345561116056 0.5900829896661053 57849.0
409 0:30:27.42499028 4:51:39.7153 3.2072240580737574 -6.2578345561116056 0.8515927172166227 57849.0
410 0:30:27.42499028 4:51:39.7153 3.2072240580737574 -6.1521722168243835 0.06706353456507053 57849.0
411 0:30:27.42499028 4:51:39.7153 3.2072240580737574 -6.1521722168243835 0.3285732621155879 57849.0
412 0:30:27.42499028 4:51:39.7153 3.2072240580737574 -6.1521722168243835 0.5900829896661053 57849.0
413 0:30:27.42499028 4:51:39.7153 3.2072240580737574 -6.1521722168243835 0.8515927172166227 57849.0
414 0:30:27.42499028 4:51:39.7153 3.2072240580737574 -6.1521722168243835 1.11310244476714 57849.0
415 0:30:27.42499028 4:51:39.7153 3.2072240580737574 -6.0465098775371615 0.06706353456507053 57849.0
416 0:30:27.42499028 4:51:39.7153 3.2072240580737574 -6.0465098775371615 0.3285732621155879 57849.0
417 0:30:27.42499028 4:51:39.7153 3.2072240580737574 -6.0465098775371615 0.5900829896661053 57849.0
418 0:30:27.42499028 4:51:39.7153 3.2072240580737574 -6.0465098775371615 0.8515927172166227 57849.0
419 0:30:27.42499028 4:51:39.7153 3.2072240580737574 -6.0465098775371615 1.11310244476714 57849.0
420 0:30:27.42499028 4:51:39.7156 2.8773835086748143 -6.2578345561116056 0.06706353456507053 57849.0
421 0:30:27.42499028 4:51:39.7156 2.8773835086748143 -6.2578345561116056 0.3285732621155879 57849.0
422 0:30:27.42499028 4:51:39.7156 2.8773835086748143 -6.2578345561116056 0.5900829896661053 57849.0
423 0:30:27.42499028 4:51:39.7156 2.8773835086748143 -6.2578345561116056 0.8515927172166227 57849.0
424 0:30:27.42499028 4:51:39.7156 2.8773835086748143 -6.1521722168243835 0.06706353456507053 57849.0
425 0:30:27.42499028 4:51:39.7156 2.8773835086748143 -6.1521722168243835 0.3285732621155879 57849.0
426 0:30:27.42499028 4:51:39.7156 2.8773835086748143 -6.1521722168243835 0.5900829896661053 57849.0
427 0:30:27.42499028 4:51:39.7156 2.8773835086748143 -6.1521722168243835 0.8515927172166227 57849.0
428 0:30:27.42499028 4:51:39.7156 2.8773835086748143 -6.1521722168243835 1.11310244476714 57849.0
429 0:30:27.42499028 4:51:39.7156 2.8773835086748143 -6.0465098775371615 0.06706353456507053 57849.0
430 0:30:27.42499028 4:51:39.7156 2.8773835086748143 -6.0465098775371615 0.3285732621155879 57849.0
431 0:30:27.42499028 4:51:39.7156 2.8773835086748143 -6.0465098775371615 0.5900829896661053 57849.0
432 0:30:27.42499028 4:51:39.7156 2.8773835086748143 -6.0465098775371615 0.8515927172166227 57849.0
433 0:30:27.42499028 4:51:39.7156 2.8773835086748143 -6.0465098775371615 1.11310244476714 57849.0
434 0:30:27.42499028 4:51:39.7156 2.95984364602455 -6.2578345561116056 0.06706353456507053 57849.0
435 0:30:27.42499028 4:51:39.7156 2.95984364602455 -6.2578345561116056 0.3285732621155879 57849.0
436 0:30:27.42499028 4:51:39.7156 2.95984364602455 -6.2578345561116056 0.5900829896661053 57849.0
437 0:30:27.42499028 4:51:39.7156 2.95984364602455 -6.2578345561116056 0.8515927172166227 57849.0
438 0:30:27.42499028 4:51:39.7156 2.95984364602455 -6.1521722168243835 0.06706353456507053 57849.0
439 0:30:27.42499028 4:51:39.7156 2.95984364602455 -6.1521722168243835 0.3285732621155879 57849.0
440 0:30:27.42499028 4:51:39.7156 2.95984364602455 -6.1521722168243835 0.5900829896661053 57849.0
441 0:30:27.42499028 4:51:39.7156 2.95984364602455 -6.1521722168243835 0.8515927172166227 57849.0
442 0:30:27.42499028 4:51:39.7156 2.95984364602455 -6.1521722168243835 1.11310244476714 57849.0
443 0:30:27.42499028 4:51:39.7156 2.95984364602455 -6.0465098775371615 0.06706353456507053 57849.0
444 0:30:27.42499028 4:51:39.7156 2.95984364602455 -6.0465098775371615 0.3285732621155879 57849.0
445 0:30:27.42499028 4:51:39.7156 2.95984364602455 -6.0465098775371615 0.5900829896661053 57849.0
446 0:30:27.42499028 4:51:39.7156 2.95984364602455 -6.0465098775371615 0.8515927172166227 57849.0
447 0:30:27.42499028 4:51:39.7156 2.95984364602455 -6.0465098775371615 1.11310244476714 57849.0
448 0:30:27.42499028 4:51:39.7156 3.042303783374286 -6.2578345561116056 0.06706353456507053 57849.0
449 0:30:27.42499028 4:51:39.7156 3.042303783374286 -6.2578345561116056 0.3285732621155879 57849.0
450 0:30:27.42499028 4:51:39.7156 3.042303783374286 -6.2578345561116056 0.5900829896661053 57849.0
451 0:30:27.42499028 4:51:39.7156 3.042303783374286 -6.2578345561116056 0.8515927172166227 57849.0
452 0:30:27.42499028 4:51:39.7156 3.042303783374286 -6.1521722168243835 0.06706353456507053 57849.0
453 0:30:27.42499028 4:51:39.7156 3.042303783374286 -6.1521722168243835 0.3285732621155879 57849.0
454 0:30:27.42499028 4:51:39.7156 3.042303783374286 -6.1521722168243835 0.5900829896661053 57849.0
455 0:30:27.42499028 4:51:39.7156 3.042303783374286 -6.1521722168243835 0.8515927172166227 57849.0
456 0:30:27.42499028 4:51:39.7156 3.042303783374286 -6.1521722168243835 1.11310244476714 57849.0
457 0:30:27.42499028 4:51:39.7156 3.042303783374286 -6.0465098775371615 0.06706353456507053 57849.0
458 0:30:27.42499028 4:51:39.7156 3.042303783374286 -6.0465098775371615 0.3285732621155879 57849.0
459 0:30:27.42499028 4:51:39.7156 3.042303783374286 -6.0465098775371615 0.5900829896661053 57849.0
460 0:30:27.42499028 4:51:39.7156 3.042303783374286 -6.0465098775371615 0.8515927172166227 57849.0
461 0:30:27.42499028 4:51:39.7156 3.042303783374286 -6.0465098775371615 1.11310244476714 57849.0
462 0:30:27.42499028 4:51:39.7156 3.1247639207240216 -6.2578345561116056 0.06706353456507053 57849.0
463 0:30:27.42499028 4:51:39.7156 3.1247639207240216 -6.2578345561116056 0.3285732621155879 57849.0
464 0:30:27.42499028 4:51:39.7156 3.1247639207240216 -6.2578345561116056 0.5900829896661053 57849.0
465 0:30:27.42499028 4:51:39.7156 3.1247639207240216 -6.2578345561116056 0.8515927172166227 57849.0
466 0:30:27.42499028 4:51:39.7156 3.1247639207240216 -6.1521722168243835 0.06706353456507053 57849.0
467 0:30:27.42499028 4:51:39.7156 3.1247639207240216 -6.1521722168243835 0.3285732621155879 57849.0
468 0:30:27.42499028 4:51:39.7156 3.1247639207240216 -6.1521722168243835 0.5900829896661053 57849.0
469 0:30:27.42499028 4:51:39.7156 3.1247639207240216 -6.1521722168243835 0.8515927172166227 57849.0
470 0:30:27.42499028 4:51:39.7156 3.1247639207240216 -6.1521722168243835 1.11310244476714 57849.0
471 0:30:27.42499028 4:51:39.7156 3.1247639207240216 -6.0465098775371615 0.06706353456507053 57849.0
472 0:30:27.42499028 4:51:39.7156 3.1247639207240216 -6.0465098775371615 0.3285732621155879 57849.0
473 0:30:27.42499028 4:51:39.7156 3.1247639207240216 -6.0465098775371615 0.5900829896661053 57849.0
474 0:30:27.42499028 4:51:39.7156 3.1247639207240216 -6.0465098775371615 0.8515927172166227 57849.0
475 0:30:27.42499028 4:51:39.7156 3.1247639207240216 -6.0465098775371615 1.11310244476714 57849.0
476 0:30:27.42499028 4:51:39.7156 3.2072240580737574 -6.2578345561116056 0.06706353456507053 57849.0
477 0:30:27.42499028 4:51:39.7156 3.2072240580737574 -6.2578345561116056 0.3285732621155879 57849.0
478 0:30:27.42499028 4:51:39.7156 3.2072240580737574 -6.2578345561116056 0.5900829896661053 57849.0
479 0:30:27.42499028 4:51:39.7156 3.2072240580737574 -6.2578345561116056 0.8515927172166227 57849.0
480 0:30:27.42499028 4:51:39.7156 3.2072240580737574 -6.1521722168243835 0.06706353456507053 57849.0
481 0:30:27.42499028 4:51:39.7156 3.2072240580737574 -6.1521722168243835 0.3285732621155879 57849.0
482 0:30:27.42499028 4:51:39.7156 3.2072240580737574 -6.1521722168243835 0.5900829896661053 57849.0
483 0:30:27.42499028 4:51:39.7156 3.2072240580737574 -6.1521722168243835 0.8515927172166227 57849.0
484 0:30:27.42499028 4:51:39.7156 3.2072240580737574 -6.1521722168243835 1.11310244476714 57849.0
485 0:30:27.42499028 4:51:39.7156 3.2072240580737574 -6.0465098775371615 0.06706353456507053 57849.0
486 0:30:27.42499028 4:51:39.7156 3.2072240580737574 -6.0465098775371615 0.3285732621155879 57849.0
487 0:30:27.42499028 4:51:39.7156 3.2072240580737574 -6.0465098775371615 0.5900829896661053 57849.0
488 0:30:27.42499028 4:51:39.7156 3.2072240580737574 -6.0465098775371615 0.8515927172166227 57849.0
489 0:30:27.42499028 4:51:39.7156 3.2072240580737574 -6.0465098775371615 1.11310244476714 57849.0
490 0:30:27.42499028 4:51:39.7159 2.8773835086748143 -6.2578345561116056 0.06706353456507053 57849.0
491 0:30:27.42499028 4:51:39.7159 2.8773835086748143 -6.2578345561116056 0.3285732621155879 57849.0
492 0:30:27.42499028 4:51:39.7159 2.8773835086748143 -6.2578345561116056 0.5900829896661053 57849.0
493 0:30:27.42499028 4:51:39.7159 2.8773835086748143 -6.2578345561116056 0.8515927172166227 57849.0
494 0:30:27.42499028 4:51:39.7159 2.8773835086748143 -6.1521722168243835 0.06706353456507053 57849.0
495 0:30:27.42499028 4:51:39.7159 2.8773835086748143 -6.1521722168243835 0.3285732621155879 57849.0
496 0:30:27.42499028 4:51:39.7159 2.8773835086748143 -6.1521722168243835 0.5900829896661053 57849.0
497 0:30:27.42499028 4:51:39.7159 2.8773835086748143 -6.1521722168243835 0.8515927172166227 57849.0
498 0:30:27.42499028 4:51:39.7159 2.8773835086748143 -6.1521722168243835 1.11310244476714 57849.0
499 0:30:27.42499028 4:51:39.7159 2.8773835086748143 -6.0465098775371615 0.06706353456507053 57849.0
500 0:30:27.42499028 4:51:39.7159 2.8773835086748143 -6.0465098775371615 0.3285732621155879 57849.0
501 0:30:27.42499028 4:51:39.7159 2.8773835086748143 -6.0465098775371615 0.5900829896661053 57849.0
502 0:30:27.42499028 4:51:39.7159 2.8773835086748143 -6.0465098775371615 0.8515927172166227 57849.0
503 0:30:27.42499028 4:51:39.7159 2.8773835086748143 -6.0465098775371615 1.11310244476714 57849.0
504 0:30:27.42499028 4:51:39.7159 2.95984364602455 -6.2578345561116056 0.06706353456507053 57849.0
505 0:30:27.42499028 4:51:39.7159 2.95984364602455 -6.2578345561116056 0.3285732621155879 57849.0
506 0:30:27.42499028 4:51:39.7159 2.95984364602455 -6.2578345561116056 0.5900829896661053 57849.0
507 0:30:27.42499028 4:51:39.7159 2.95984364602455 -6.2578345561116056 0.8515927172166227 57849.0
508 0:30:27.42499028 4:51:39.7159 2.95984364602455 -6.1521722168243835 0.06706353456507053 57849.0
509 0:30:27.42499028 4:51:39.7159 2.95984364602455 -6.1521722168243835 0.3285732621155879 57849.0
510 0:30:27.42499028 4:51:39.7159 2.95984364602455 -6.1521722168243835 0.5900829896661053 57849.0
511 0:30:27.42499028 4:51:39.7159 2.95984364602455 -6.1521722168243835 0.8515927172166227 57849.0
512 0:30:27.42499028 4:51:39.7159 2.95984364602455 -6.1521722168243835 1.11310244476714 57849.0
513 0:30:27.42499028 4:51:39.7159 2.95984364602455 -6.0465098775371615 0.06706353456507053 57849.0
514 0:30:27.42499028 4:51:39.7159 2.95984364602455 -6.0465098775371615 0.3285732621155879 57849.0
515 0:30:27.42499028 4:51:39.7159 2.95984364602455 -6.0465098775371615 0.5900829896661053 57849.0
516 0:30:27.42499028 4:51:39.7159 2.95984364602455 -6.0465098775371615 0.8515927172166227 57849.0
517 0:30:27.42499028 4:51:39.7159 2.95984364602455 -6.0465098775371615 1.11310244476714 57849.0
518 0:30:27.42499028 4:51:39.7159 3.042303783374286 -6.2578345561116056 0.06706353456507053 57849.0
519 0:30:27.42499028 4:51:39.7159 3.042303783374286 -6.2578345561116056 0.3285732621155879 57849.0
520 0:30:27.42499028 4:51:39.7159 3.042303783374286 -6.2578345561116056 0.5900829896661053 57849.0
521 0:30:27.42499028 4:51:39.7159 3.042303783374286 -6.2578345561116056 0.8515927172166227 57849.0
522 0:30:27.42499028 4:51:39.7159 3.042303783374286 -6.1521722168243835 0.06706353456507053 57849.0
523 0:30:27.42499028 4:51:39.7159 3.042303783374286 -6.1521722168243835 0.3285732621155879 57849.0
524 0:30:27.42499028 4:51:39.7159 3.042303783374286 -6.1521722168243835 0.5900829896661053 57849.0
525 0:30:27.42499028 4:51:39.7159 3.042303783374286 -6.1521722168243835 0.8515927172166227 57849.0
526 0:30:27.42499028 4:51:39.7159 3.042303783374286 -6.1521722168243835 1.11310244476714 57849.0
527 0:30:27.42499028 4:51:39.7159 3.042303783374286 -6.0465098775371615 0.06706353456507053 57849.0
528 0:30:27.42499028 4:51:39.7159 3.042303783374286 -6.0465098775371615 0.3285732621155879 57849.0
529 0:30:27.42499028 4:51:39.7159 3.042303783374286 -6.0465098775371615 0.5900829896661053 57849.0
530 0:30:27.42499028 4:51:39.7159 3.042303783374286 -6.0465098775371615 0.8515927172166227 57849.0
531 0:30:27.42499028 4:51:39.7159 3.042303783374286 -6.0465098775371615 1.11310244476714 57849.0
532 0:30:27.42499028 4:51:39.7159 3.1247639207240216 -6.2578345561116056 0.06706353456507053 57849.0
533 0:30:27.42499028 4:51:39.7159 3.1247639207240216 -6.2578345561116056 0.3285732621155879 57849.0
534 0:30:27.42499028 4:51:39.7159 3.1247639207240216 -6.2578345561116056 0.5900829896661053 57849.0
535 0:30:27.42499028 4:51:39.7159 3.1247639207240216 -6.2578345561116056 0.8515927172166227 57849.0
536 0:30:27.42499028 4:51:39.7159 3.1247639207240216 -6.1521722168243835 0.06706353456507053 57849.0
537 0:30:27.42499028 4:51:39.7159 3.1247639207240216 -6.1521722168243835 0.3285732621155879 57849.0
538 0:30:27.42499028 4:51:39.7159 3.1247639207240216 -6.1521722168243835 0.5900829896661053 57849.0
539 0:30:27.42499028 4:51:39.7159 3.1247639207240216 -6.1521722168243835 0.8515927172166227 57849.0
540 0:30:27.42499028 4:51:39.7159 3.1247639207240216 -6.1521722168243835 1.11310244476714 57849.0
541 0:30:27.42499028 4:51:39.7159 3.1247639207240216 -6.0465098775371615 0.06706353456507053 57849.0
542 0:30:27.42499028 4:51:39.7159 3.1247639207240216 -6.0465098775371615 0.3285732621155879 57849.0
543 0:30:27.42499028 4:51:39.7159 3.1247639207240216 -6.0465098775371615 0.5900829896661053 57849.0
544 0:30:27.42499028 4:51:39.7159 3.1247639207240216 -6.0465098775371615 0.8515927172166227 57849.0
545 0:30:27.42499028 4:51:39.7159 3.1247639207240216 -6.0465098775371615 1.11310244476714 57849.0
546 0:30:27.42499028 4:51:39.7159 3.2072240580737574 -6.2578345561116056 0.06706353456507053 57849.0
547 0:30:27.42499028 4:51:39.7159 3.2072240580737574 -6.2578345561116056 0.3285732621155879 57849.0
548 0:30:27.42499028 4:51:39.7159 3.2072240580737574 -6.2578345561116056 0.5900829896661053 57849.0
549 0:30:27.42499028 4:51:39.7159 3.2072240580737574 -6.2578345561116056 0.8515927172166227 57849.0
550 0:30:27.42499028 4:51:39.7159 3.2072240580737574 -6.1521722168243835 0.06706353456507053 57849.0
551 0:30:27.42499028 4:51:39.7159 3.2072240580737574 -6.1521722168243835 0.3285732621155879 57849.0
552 0:30:27.42499028 4:51:39.7159 3.2072240580737574 -6.1521722168243835 0.5900829896661053 57849.0
553 0:30:27.42499028 4:51:39.7159 3.2072240580737574 -6.1521722168243835 0.8515927172166227 57849.0
554 0:30:27.42499028 4:51:39.7159 3.2072240580737574 -6.1521722168243835 1.11310244476714 57849.0
555 0:30:27.42499028 4:51:39.7159 3.2072240580737574 -6.0465098775371615 0.06706353456507053 57849.0
556 0:30:27.42499028 4:51:39.7159 3.2072240580737574 -6.0465098775371615 0.3285732621155879 57849.0
557 0:30:27.42499028 4:51:39.7159 3.2072240580737574 -6.0465098775371615 0.5900829896661053 57849.0
558 0:30:27.42499028 4:51:39.7159 3.2072240580737574 -6.0465098775371615 0.8515927172166227 57849.0
559 0:30:27.42499028 4:51:39.7159 3.2072240580737574 -6.0465098775371615 1.11310244476714 57849.0
560 0:30:27.42499028 4:51:39.7162 2.8773835086748143 -6.2578345561116056 0.06706353456507053 57849.0
561 0:30:27.42499028 4:51:39.7162 2.8773835086748143 -6.2578345561116056 0.3285732621155879 57849.0
562 0:30:27.42499028 4:51:39.7162 2.8773835086748143 -6.2578345561116056 0.5900829896661053 57849.0
563 0:30:27.42499028 4:51:39.7162 2.8773835086748143 -6.2578345561116056 0.8515927172166227 57849.0
564 0:30:27.42499028 4:51:39.7162 2.8773835086748143 -6.1521722168243835 0.06706353456507053 57849.0
565 0:30:27.42499028 4:51:39.7162 2.8773835086748143 -6.1521722168243835 0.3285732621155879 57849.0
566 0:30:27.42499028 4:51:39.7162 2.8773835086748143 -6.1521722168243835 0.5900829896661053 57849.0
567 0:30:27.42499028 4:51:39.7162 2.8773835086748143 -6.1521722168243835 0.8515927172166227 57849.0
568 0:30:27.42499028 4:51:39.7162 2.8773835086748143 -6.1521722168243835 1.11310244476714 57849.0
569 0:30:27.42499028 4:51:39.7162 2.8773835086748143 -6.0465098775371615 0.06706353456507053 57849.0
570 0:30:27.42499028 4:51:39.7162 2.8773835086748143 -6.0465098775371615 0.3285732621155879 57849.0
571 0:30:27.42499028 4:51:39.7162 2.8773835086748143 -6.0465098775371615 0.5900829896661053 57849.0
572 0:30:27.42499028 4:51:39.7162 2.8773835086748143 -6.0465098775371615 0.8515927172166227 57849.0
573 0:30:27.42499028 4:51:39.7162 2.8773835086748143 -6.0465098775371615 1.11310244476714 57849.0
574 0:30:27.42499028 4:51:39.7162 2.95984364602455 -6.2578345561116056 0.06706353456507053 57849.0
575 0:30:27.42499028 4:51:39.7162 2.95984364602455 -6.2578345561116056 0.3285732621155879 57849.0
576 0:30:27.42499028 4:51:39.7162 2.95984364602455 -6.2578345561116056 0.5900829896661053 57849.0
577 0:30:27.42499028 4:51:39.7162 2.95984364602455 -6.2578345561116056 0.8515927172166227 57849.0
578 0:30:27.42499028 4:51:39.7162 2.95984364602455 -6.1521722168243835 0.06706353456507053 57849.0
579 0:30:27.42499028 4:51:39.7162 2.95984364602455 -6.1521722168243835 0.3285732621155879 57849.0
580 0:30:27.42499028 4:51:39.7162 2.95984364602455 -6.1521722168243835 0.5900829896661053 57849.0
581 0:30:27.42499028 4:51:39.7162 2.95984364602455 -6.1521722168243835 0.8515927172166227 57849.0
582 0:30:27.42499028 4:51:39.7162 2.95984364602455 -6.1521722168243835 1.11310244476714 57849.0
583 0:30:27.42499028 4:51:39.7162 2.95984364602455 -6.0465098775371615 0.06706353456507053 57849.0
584 0:30:27.42499028 4:51:39.7162 2.95984364602455 -6.0465098775371615 0.3285732621155879 57849.0
585 0:30:27.42499028 4:51:39.7162 2.95984364602455 -6.0465098775371615 0.5900829896661053 57849.0
586 0:30:27.42499028 4:51:39.7162 2.95984364602455 -6.0465098775371615 0.8515927172166227 57849.0
587 0:30:27.42499028 4:51:39.7162 2.95984364602455 -6.0465098775371615 1.11310244476714 57849.0
588 0:30:27.42499028 4:51:39.7162 3.042303783374286 -6.2578345561116056 0.06706353456507053 57849.0
589 0:30:27.42499028 4:51:39.7162 3.042303783374286 -6.2578345561116056 0.3285732621155879 57849.0
590 0:30:27.42499028 4:51:39.7162 3.042303783374286 -6.2578345561116056 0.5900829896661053 57849.0
591 0:30:27.42499028 4:51:39.7162 3.042303783374286 -6.2578345561116056 0.8515927172166227 57849.0
592 0:30:27.42499028 4:51:39.7162 3.042303783374286 -6.1521722168243835 0.06706353456507053 57849.0
593 0:30:27.42499028 4:51:39.7162 3.042303783374286 -6.1521722168243835 0.3285732621155879 57849.0
594 0:30:27.42499028 4:51:39.7162 3.042303783374286 -6.1521722168243835 0.5900829896661053 57849.0
595 0:30:27.42499028 4:51:39.7162 3.042303783374286 -6.1521722168243835 0.8515927172166227 57849.0
596 0:30:27.42499028 4:51:39.7162 3.042303783374286 -6.1521722168243835 1.11310244476714 57849.0
597 0:30:27.42499028 4:51:39.7162 3.042303783374286 -6.0465098775371615 0.06706353456507053 57849.0
598 0:30:27.42499028 4:51:39.7162 3.042303783374286 -6.0465098775371615 0.3285732621155879 57849.0
599 0:30:27.42499028 4:51:39.7162 3.042303783374286 -6.0465098775371615 0.5900829896661053 57849.0
600 0:30:27.42499028 4:51:39.7162 3.042303783374286 -6.0465098775371615 0.8515927172166227 57849.0
601 0:30:27.42499028 4:51:39.7162 3.042303783374286 -6.0465098775371615 1.11310244476714 57849.0
602 0:30:27.42499028 4:51:39.7162 3.1247639207240216 -6.2578345561116056 0.06706353456507053 57849.0
603 0:30:27.42499028 4:51:39.7162 3.1247639207240216 -6.2578345561116056 0.3285732621155879 57849.0
604 0:30:27.42499028 4:51:39.7162 3.1247639207240216 -6.2578345561116056 0.5900829896661053 57849.0
605 0:30:27.42499028 4:51:39.7162 3.1247639207240216 -6.2578345561116056 0.8515927172166227 57849.0
606 0:30:27.42499028 4:51:39.7162 3.1247639207240216 -6.1521722168243835 0.06706353456507053 57849.0
607 0:30:27.42499028 4:51:39.7162 3.1247639207240216 -6.1521722168243835 0.3285732621155879 57849.0
608 0:30:27.42499028 4:51:39.7162 3.1247639207240216 -6.1521722168243835 0.5900829896661053 57849.0
609 0:30:27.42499028 4:51:39.7162 3.1247639207240216 -6.1521722168243835 0.8515927172166227 57849.0
610 0:30:27.42499028 4:51:39.7162 3.1247639207240216 -6.1521722168243835 1.11310244476714 57849.0
611 0:30:27.42499028 4:51:39.7162 3.1247639207240216 -6.0465098775371615 0.06706353456507053 57849.0
612 0:30:27.42499028 4:51:39.7162 3.1247639207240216 -6.0465098775371615 0.3285732621155879 57849.0
613 0:30:27.42499028 4:51:39.7162 3.1247639207240216 -6.0465098775371615 0.5900829896661053 57849.0
614 0:30:27.42499028 4:51:39.7162 3.1247639207240216 -6.0465098775371615 0.8515927172166227 57849.0
615 0:30:27.42499028 4:51:39.7162 3.1247639207240216 -6.0465098775371615 1.11310244476714 57849.0
616 0:30:27.42499028 4:51:39.7162 3.2072240580737574 -6.2578345561116056 0.06706353456507053 57849.0
617 0:30:27.42499028 4:51:39.7162 3.2072240580737574 -6.2578345561116056 0.3285732621155879 57849.0
618 0:30:27.42499028 4:51:39.7162 3.2072240580737574 -6.2578345561116056 0.5900829896661053 57849.0
619 0:30:27.42499028 4:51:39.7162 3.2072240580737574 -6.2578345561116056 0.8515927172166227 57849.0
620 0:30:27.42499028 4:51:39.7162 3.2072240580737574 -6.1521722168243835 0.06706353456507053 57849.0
621 0:30:27.42499028 4:51:39.7162 3.2072240580737574 -6.1521722168243835 0.3285732621155879 57849.0
622 0:30:27.42499028 4:51:39.7162 3.2072240580737574 -6.1521722168243835 0.5900829896661053 57849.0
623 0:30:27.42499028 4:51:39.7162 3.2072240580737574 -6.1521722168243835 0.8515927172166227 57849.0
624 0:30:27.42499028 4:51:39.7162 3.2072240580737574 -6.1521722168243835 1.11310244476714 57849.0
625 0:30:27.42499028 4:51:39.7162 3.2072240580737574 -6.0465098775371615 0.06706353456507053 57849.0
626 0:30:27.42499028 4:51:39.7162 3.2072240580737574 -6.0465098775371615 0.3285732621155879 57849.0
627 0:30:27.42499028 4:51:39.7162 3.2072240580737574 -6.0465098775371615 0.5900829896661053 57849.0
628 0:30:27.42499028 4:51:39.7162 3.2072240580737574 -6.0465098775371615 0.8515927172166227 57849.0
629 0:30:27.42499028 4:51:39.7162 3.2072240580737574 -6.0465098775371615 1.11310244476714 57849.0
630 0:30:27.42499028 4:51:39.7165 2.8773835086748143 -6.2578345561116056 0.06706353456507053 57849.0
631 0:30:27.42499028 4:51:39.7165 2.8773835086748143 -6.2578345561116056 0.3285732621155879 57849.0
632 0:30:27.42499028 4:51:39.7165 2.8773835086748143 -6.2578345561116056 0.5900829896661053 57849.0
633 0:30:27.42499028 4:51:39.7165 2.8773835086748143 -6.2578345561116056 0.8515927172166227 57849.0
634 0:30:27.42499028 4:51:39.7165 2.8773835086748143 -6.1521722168243835 0.06706353456507053 57849.0
635 0:30:27.42499028 4:51:39.7165 2.8773835086748143 -6.1521722168243835 0.3285732621155879 57849.0
636 0:30:27.42499028 4:51:39.7165 2.8773835086748143 -6.1521722168243835 0.5900829896661053 57849.0
637 0:30:27.42499028 4:51:39.7165 2.8773835086748143 -6.1521722168243835 0.8515927172166227 57849.0
638 0:30:27.42499028 4:51:39.7165 2.8773835086748143 -6.1521722168243835 1.11310244476714 57849.0
639 0:30:27.42499028 4:51:39.7165 2.8773835086748143 -6.0465098775371615 0.06706353456507053 57849.0
640 0:30:27.42499028 4:51:39.7165 2.8773835086748143 -6.0465098775371615 0.3285732621155879 57849.0
641 0:30:27.42499028 4:51:39.7165 2.8773835086748143 -6.0465098775371615 0.5900829896661053 57849.0
642 0:30:27.42499028 4:51:39.7165 2.8773835086748143 -6.0465098775371615 0.8515927172166227 57849.0
643 0:30:27.42499028 4:51:39.7165 2.8773835086748143 -6.0465098775371615 1.11310244476714 57849.0
644 0:30:27.42499028 4:51:39.7165 2.95984364602455 -6.2578345561116056 0.06706353456507053 57849.0
645 0:30:27.42499028 4:51:39.7165 2.95984364602455 -6.2578345561116056 0.3285732621155879 57849.0
646 0:30:27.42499028 4:51:39.7165 2.95984364602455 -6.2578345561116056 0.5900829896661053 57849.0
647 0:30:27.42499028 4:51:39.7165 2.95984364602455 -6.2578345561116056 0.8515927172166227 57849.0
648 0:30:27.42499028 4:51:39.7165 2.95984364602455 -6.1521722168243835 0.06706353456507053 57849.0
649 0:30:27.42499028 4:51:39.7165 2.95984364602455 -6.1521722168243835 0.3285732621155879 57849.0
650 0:30:27.42499028 4:51:39.7165 2.95984364602455 -6.1521722168243835 0.5900829896661053 57849.0
651 0:30:27.42499028 4:51:39.7165 2.95984364602455 -6.1521722168243835 0.8515927172166227 57849.0
652 0:30:27.42499028 4:51:39.7165 2.95984364602455 -6.1521722168243835 1.11310244476714 57849.0
653 0:30:27.42499028 4:51:39.7165 2.95984364602455 -6.0465098775371615 0.06706353456507053 57849.0
654 0:30:27.42499028 4:51:39.7165 2.95984364602455 -6.0465098775371615 0.3285732621155879 57849.0
655 0:30:27.42499028 4:51:39.7165 2.95984364602455 -6.0465098775371615 0.5900829896661053 57849.0
656 0:30:27.42499028 4:51:39.7165 2.95984364602455 -6.0465098775371615 0.8515927172166227 57849.0
657 0:30:27.42499028 4:51:39.7165 2.95984364602455 -6.0465098775371615 1.11310244476714 57849.0
658 0:30:27.42499028 4:51:39.7165 3.042303783374286 -6.2578345561116056 0.06706353456507053 57849.0
659 0:30:27.42499028 4:51:39.7165 3.042303783374286 -6.2578345561116056 0.3285732621155879 57849.0
660 0:30:27.42499028 4:51:39.7165 3.042303783374286 -6.2578345561116056 0.5900829896661053 57849.0
661 0:30:27.42499028 4:51:39.7165 3.042303783374286 -6.2578345561116056 0.8515927172166227 57849.0
662 0:30:27.42499028 4:51:39.7165 3.042303783374286 -6.1521722168243835 0.06706353456507053 57849.0
663 0:30:27.42499028 4:51:39.7165 3.042303783374286 -6.1521722168243835 0.3285732621155879 57849.0
664 0:30:27.42499028 4:51:39.7165 3.042303783374286 -6.1521722168243835 0.5900829896661053 57849.0
665 0:30:27.42499028 4:51:39.7165 3.042303783374286 -6.1521722168243835 0.8515927172166227 57849.0
666 0:30:27.42499028 4:51:39.7165 3.042303783374286 -6.1521722168243835 1.11310244476714 57849.0
667 0:30:27.42499028 4:51:39.7165 3.042303783374286 -6.0465098775371615 0.06706353456507053 57849.0
668 0:30:27.42499028 4:51:39.7165 3.042303783374286 -6.0465098775371615 0.3285732621155879 57849.0
669 0:30:27.42499028 4:51:39.7165 3.042303783374286 -6.0465098775371615 0.5900829896661053 57849.0
670 0:30:27.42499028 4:51:39.7165 3.042303783374286 -6.0465098775371615 0.8515927172166227 57849.0
671 0:30:27.42499028 4:51:39.7165 3.042303783374286 -6.0465098775371615 1.11310244476714 57849.0
672 0:30:27.42499028 4:51:39.7165 3.1247639207240216 -6.2578345561116056 0.06706353456507053 57849.0
673 0:30:27.42499028 4:51:39.7165 3.1247639207240216 -6.2578345561116056 0.3285732621155879 57849.0
674 0:30:27.42499028 4:51:39.7165 3.1247639207240216 -6.2578345561116056 0.5900829896661053 57849.0
675 0:30:27.42499028 4:51:39.7165 3.1247639207240216 -6.2578345561116056 0.8515927172166227 57849.0
676 0:30:27.42499028 4:51:39.7165 3.1247639207240216 -6.1521722168243835 0.06706353456507053 57849.0
677 0:30:27.42499028 4:51:39.7165 3.1247639207240216 -6.1521722168243835 0.3285732621155879 57849.0
678 0:30:27.42499028 4:51:39.7165 3.1247639207240216 -6.1521722168243835 0.5900829896661053 57849.0
679 0:30:27.42499028 4:51:39.7165 3.1247639207240216 -6.1521722168243835 0.8515927172166227 57849.0
680 0:30:27.42499028 4:51:39.7165 3.1247639207240216 -6.1521722168243835 1.11310244476714 57849.0
681 0:30:27.42499028 4:51:39.7165 3.1247639207240216 -6.0465098775371615 0.06706353456507053 57849.0
682 0:30:27.42499028 4:51:39.7165 3.1247639207240216 -6.0465098775371615 0.3285732621155879 57849.0
683 0:30:27.42499028 4:51:39.7165 3.1247639207240216 -6.0465098775371615 0.5900829896661053 57849.0
684 0:30:27.42499028 4:51:39.7165 3.1247639207240216 -6.0465098775371615 0.8515927172166227 57849.0
685 0:30:27.42499028 4:51:39.7165 3.1247639207240216 -6.0465098775371615 1.11310244476714 57849.0
686 0:30:27.42499028 4:51:39.7165 3.2072240580737574 -6.2578345561116056 0.06706353456507053 57849.0
687 0:30:27.42499028 4:51:39.7165 3.2072240580737574 -6.2578345561116056 0.3285732621155879 57849.0
688 0:30:27.42499028 4:51:39.7165 3.2072240580737574 -6.2578345561116056 0.5900829896661053 57849.0
689 0:30:27.42499028 4:51:39.7165 3.2072240580737574 -6.2578345561116056 0.8515927172166227 57849.0
690 0:30:27.42499028 4:51:39.7165 3.2072240580737574 -6.1521722168243835 0.06706353456507053 57849.0
691 0:30:27.42499028 4:51:39.7165 3.2072240580737574 -6.1521722168243835 0.3285732621155879 57849.0
692 0:30:27.42499028 4:51:39.7165 3.2072240580737574 -6.1521722168243835 0.5900829896661053 57849.0
693 0:30:27.42499028 4:51:39.7165 3.2072240580737574 -6.1521722168243835 0.8515927172166227 57849.0
694 0:30:27.42499028 4:51:39.7165 3.2072240580737574 -6.1521722168243835 1.11310244476714 57849.0
695 0:30:27.42499028 4:51:39.7165 3.2072240580737574 -6.0465098775371615 0.06706353456507053 57849.0
696 0:30:27.42499028 4:51:39.7165 3.2072240580737574 -6.0465098775371615 0.3285732621155879 57849.0
697 0:30:27.42499028 4:51:39.7165 3.2072240580737574 -6.0465098775371615 0.5900829896661053 57849.0
698 0:30:27.42499028 4:51:39.7165 3.2072240580737574 -6.0465098775371615 0.8515927172166227 57849.0
699 0:30:27.42499028 4:51:39.7165 3.2072240580737574 -6.0465098775371615 1.11310244476714 57849.0
700 0:30:27.42503587 4:51:39.7153 2.8773835086748143 -6.2578345561116056 0.06706353456507053 57849.0
701 0:30:27.42503587 4:51:39.7153 2.8773835086748143 -6.2578345561116056 0.3285732621155879 57849.0
702 0:30:27.42503587 4:51:39.7153 2.8773835086748143 -6.2578345561116056 0.5900829896661053 57849.0
703 0:30:27.42503587 4:51:39.7153 2.8773835086748143 -6.2578345561116056 0.8515927172166227 57849.0
704 0:30:27.42503587 4:51:39.7153 2.8773835086748143 -6.1521722168243835 0.06706353456507053 57849.0
705 0:30:27.42503587 4:51:39.7153 2.8773835086748143 -6.1521722168243835 0.3285732621155879 57849.0
706 0:30:27.42503587 4:51:39.7153 2.8773835086748143 -6.1521722168243835 0.5900829896661053 57849.0
707 0:30:27.42503587 4:51:39.7153 2.8773835086748143 -6.1521722168243835 0.8515927172166227 57849.0
708 0:30:27.42503587 4:51:39.7153 2.8773835086748143 -6.1521722168243835 1.11310244476714 57849.0
709 0:30:27.42503587 4:51:39.7153 2.8773835086748143 -6.0465098775371615 0.06706353456507053 57849.0
710 0:30:27.42503587 4:51:39.7153 2.8773835086748143 -6.0465098775371615 0.3285732621155879 57849.0
711 0:30:27.42503587 4:51:39.7153 2.8773835086748143 -6.0465098775371615 0.5900829896661053 57849.0
712 0:30:27.42503587 4:51:39.7153 2.8773835086748143 -6.0465098775371615 0.8515927172166227 57849.0
713 0:30:27.42503587 4:51:39.7153 2.8773835086748143 -6.0465098775371615 1.11310244476714 57849.0
714 0:30:27.42503587 4:51:39.7153 2.95984364602455 -6.2578345561116056 0.06706353456507053 57849.0
715 0:30:27.42503587 4:51:39.7153 2.95984364602455 -6.2578345561116056 0.3285732621155879 57849.0
716 0:30:27.42503587 4:51:39.7153 2.95984364602455 -6.2578345561116056 0.5900829896661053 57849.0
717 0:30:27.42503587 4:51:39.7153 2.95984364602455 -6.2578345561116056 0.8515927172166227 57849.0
718 0:30:27.42503587 4:51:39.7153 2.95984364602455 -6.1521722168243835 0.06706353456507053 57849.0
719 0:30:27.42503587 4:51:39.7153 2.95984364602455 -6.1521722168243835 0.3285732621155879 57849.0
720 0:30:27.42503587 4:51:39.7153 2.95984364602455 -6.1521722168243835 0.5900829896661053 57849.0
721 0:30:27.42503587 4:51:39.7153 2.95984364602455 -6.1521722168243835 0.8515927172166227 57849.0
722 0:30:27.42503587 4:51:39.7153 2.95984364602455 -6.1521722168243835 1.11310244476714 57849.0
723 0:30:27.42503587 4:51:39.7153 2.95984364602455 -6.0465098775371615 0.06706353456507053 57849.0
724 0:30:27.42503587 4:51:39.7153 2.95984364602455 -6.0465098775371615 0.3285732621155879 57849.0
725 0:30:27.42503587 4:51:39.7153 2.95984364602455 -6.0465098775371615 0.5900829896661053 57849.0
726 0:30:27.42503587 4:51:39.7153 2.95984364602455 -6.0465098775371615 0.8515927172166227 57849.0
727 0:30:27.42503587 4:51:39.7153 2.95984364602455 -6.0465098775371615 1.11310244476714 57849.0
728 0:30:27.42503587 4:51:39.7153 3.042303783374286 -6.2578345561116056 0.06706353456507053 57849.0
729 0:30:27.42503587 4:51:39.7153 3.042303783374286 -6.2578345561116056 0.3285732621155879 57849.0
730 0:30:27.42503587 4:51:39.7153 3.042303783374286 -6.2578345561116056 0.5900829896661053 57849.0
731 0:30:27.42503587 4:51:39.7153 3.042303783374286 -6.2578345561116056 0.8515927172166227 57849.0
732 0:30:27.42503587 4:51:39.7153 3.042303783374286 -6.1521722168243835 0.06706353456507053 57849.0
733 0:30:27.42503587 4:51:39.7153 3.042303783374286 -6.1521722168243835 0.3285732621155879 57849.0
734 0:30:27.42503587 4:51:39.7153 3.042303783374286 -6.1521722168243835 0.5900829896661053 57849.0
735 0:30:27.42503587 4:51:39.7153 3.042303783374286 -6.1521722168243835 0.8515927172166227 57849.0
736 0:30:27.42503587 4:51:39.7153 3.042303783374286 -6.1521722168243835 1.11310244476714 57849.0
737 0:30:27.42503587 4:51:39.7153 3.042303783374286 -6.0465098775371615 0.06706353456507053 57849.0
738 0:30:27.42503587 4:51:39.7153 3.042303783374286 -6.0465098775371615 0.3285732621155879 57849.0
739 0:30:27.42503587 4:51:39.7153 3.042303783374286 -6.0465098775371615 0.5900829896661053 57849.0
740 0:30:27.42503587 4:51:39.7153 3.042303783374286 -6.0465098775371615 0.8515927172166227 57849.0
741 0:30:27.42503587 4:51:39.7153 3.042303783374286 -6.0465098775371615 1.11310244476714 57849.0
742 0:30:27.42503587 4:51:39.7153 3.1247639207240216 -6.2578345561116056 0.06706353456507053 57849.0
743 0:30:27.42503587 4:51:39.7153 3.1247639207240216 -6.2578345561116056 0.3285732621155879 57849.0
744 0:30:27.42503587 4:51:39.7153 3.1247639207240216 -6.2578345561116056 0.5900829896661053 57849.0
745 0:30:27.42503587 4:51:39.7153 3.1247639207240216 -6.2578345561116056 0.8515927172166227 57849.0
746 0:30:27.42503587 4:51:39.7153 3.1247639207240216 -6.1521722168243835 0.06706353456507053 57849.0
747 0:30:27.42503587 4:51:39.7153 3.1247639207240216 -6.1521722168243835 0.3285732621155879 57849.0
748 0:30:27.42503587 4:51:39.7153 3.1247639207240216 -6.1521722168243835 0.5900829896661053 57849.0
749 0:30:27.42503587 4:51:39.7153 3.1247639207240216 -6.1521722168243835 0.8515927172166227 57849.0
750 0:30:27.42503587 4:51:39.7153 3.1247639207240216 -6.1521722168243835 1.11310244476714 57849.0
751 0:30:27.42503587 4:51:39.7153 3.1247639207240216 -6.0465098775371615 0.06706353456507053 57849.0
752 0:30:27.42503587 4:51:39.7153 3.1247639207240216 -6.0465098775371615 0.3285732621155879 57849.0
753 0:30:27.42503587 4:51:39.7153 3.1247639207240216 -6.0465098775371615 0.5900829896661053 57849.0
754 0:30:27.42503587 4:51:39.7153 3.1247639207240216 -6.0465098775371615 0.8515927172166227 57849.0
755 0:30:27.42503587 4:51:39.7153 3.1247639207240216 -6.0465098775371615 1.11310244476714 57849.0
756 0:30:27.42503587 4:51:39.7153 3.2072240580737574 -6.2578345561116056 0.06706353456507053 57849.0
757 0:30:27.42503587 4:51:39.7153 3.2072240580737574 -6.2578345561116056 0.3285732621155879 57849.0
758 0:30:27.42503587 4:51:39.7153 3.2072240580737574 -6.2578345561116056 0.5900829896661053 57849.0
759 0:30:27.42503587 4:51:39.7153 3.2072240580737574 -6.2578345561116056 0.8515927172166227 57849.0
760 0:30:27.42503587 4:51:39.7153 3.2072240580737574 -6.1521722168243835 0.06706353456507053 57849.0
761 0:30:27.42503587 4:51:39.7153 3.2072240580737574 -6.1521722168243835 0.3285732621155879 57849.0
762 0:30:27.42503587 4:51:39.7153 3.2072240580737574 -6.1521722168243835 0.5900829896661053 57849.0
763 0:30:27.42503587 4:51:39.7153 3.2072240580737574 -6.1521722168243835 0.8515927172166227 57849.0
764 0:30:27.42503587 4:51:39.7153 3.2072240580737574 -6.1521722168243835 1.11310244476714 57849.0
765 0:30:27.42503587 4:51:39.7153 3.2072240580737574 -6.0465098775371615 0.06706353456507053 57849.0
766 0:30:27.42503587 4:51:39.7153 3.2072240580737574 -6.0465098775371615 0.3285732621155879 57849.0
767 0:30:27.42503587 4:51:39.7153 3.2072240580737574 -6.0465098775371615 0.5900829896661053 57849.0
768 0:30:27.42503587 4:51:39.7153 3.2072240580737574 -6.0465098775371615 0.8515927172166227 57849.0
769 0:30:27.42503587 4:51:39.7153 3.2072240580737574 -6.0465098775371615 1.11310244476714 57849.0
770 0:30:27.42503587 4:51:39.7156 2.8773835086748143 -6.2578345561116056 0.06706353456507053 57849.0
771 0:30:27.42503587 4:51:39.7156 2.8773835086748143 -6.2578345561116056 0.3285732621155879 57849.0
772 0:30:27.42503587 4:51:39.7156 2.8773835086748143 -6.2578345561116056 0.5900829896661053 57849.0
773 0:30:27.42503587 4:51:39.7156 2.8773835086748143 -6.2578345561116056 0.8515927172166227 57849.0
774 0:30:27.42503587 4:51:39.7156 2.8773835086748143 -6.1521722168243835 0.06706353456507053 57849.0
775 0:30:27.42503587 4:51:39.7156 2.8773835086748143 -6.1521722168243835 0.3285732621155879 57849.0
776 0:30:27.42503587 4:51:39.7156 2.8773835086748143 -6.1521722168243835 0.5900829896661053 57849.0
777 0:30:27.42503587 4:51:39.7156 2.8773835086748143 -6.1521722168243835 0.8515927172166227 57849.0
778 0:30:27.42503587 4:51:39.7156 2.8773835086748143 -6.1521722168243835 1.11310244476714 57849.0
779 0:30:27.42503587 4:51:39.7156 2.8773835086748143 -6.0465098775371615 0.06706353456507053 57849.0
780 0:30:27.42503587 4:51:39.7156 2.8773835086748143 -6.0465098775371615 0.3285732621155879 57849.0
781 0:30:27.42503587 4:51:39.7156 2.8773835086748143 -6.0465098775371615 0.5900829896661053 57849.0
782 0:30:27.42503587 4:51:39.7156 2.8773835086748143 -6.0465098775371615 0.8515927172166227 57849.0
783 0:30:27.42503587 4:51:39.7156 2.8773835086748143 -6.0465098775371615 1.11310244476714 57849.0
784 0:30:27.42503587 4:51:39.7156 2.95984364602455 -6.2578345561116056 0.06706353456507053 57849.0
785 0:30:27.42503587 4:51:39.7156 2.95984364602455 -6.2578345561116056 0.3285732621155879 57849.0
786 0:30:27.42503587 4:51:39.7156 2.95984364602455 -6.2578345561116056 0.5900829896661053 57849.0
787 0:30:27.42503587 4:51:39.7156 2.95984364602455 -6.2578345561116056 0.8515927172166227 57849.0
788 0:30:27.42503587 4:51:39.7156 2.95984364602455 -6.1521722168243835 0.06706353456507053 57849.0
789 0:30:27.42503587 4:51:39.7156 2.95984364602455 -6.1521722168243835 0.3285732621155879 57849.0
790 0:30:27.42503587 4:51:39.7156 2.95984364602455 -6.1521722168243835 0.5900829896661053 57849.0
791 0:30:27.42503587 4:51:39.7156 2.95984364602455 -6.1521722168243835 0.8515927172166227 57849.0
792 0:30:27.42503587 4:51:39.7156 2.95984364602455 -6.1521722168243835 1.11310244476714 57849.0
793 0:30:27.42503587 4:51:39.7156 2.95984364602455 -6.0465098775371615 0.06706353456507053 57849.0
794 0:30:27.42503587 4:51:39.7156 2.95984364602455 -6.0465098775371615 0.3285732621155879 57849.0
795 0:30:27.42503587 4:51:39.7156 2.95984364602455 -6.0465098775371615 0.5900829896661053 57849.0
796 0:30:27.42503587 4:51:39.7156 2.95984364602455 -6.0465098775371615 0.8515927172166227 57849.0
797 0:30:27.42503587 4:51:39.7156 2.95984364602455 -6.0465098775371615 1.11310244476714 57849.0
798 0:30:27.42503587 4:51:39.7156 3.042303783374286 -6.2578345561116056 0.06706353456507053 57849.0
799 0:30:27.42503587 4:51:39.7156 3.042303783374286 -6.2578345561116056 0.3285732621155879 57849.0
800 0:30:27.42503587 4:51:39.7156 3.042303783374286 -6.2578345561116056 0.5900829896661053 57849.0
801 0:30:27.42503587 4:51:39.7156 3.042303783374286 -6.2578345561116056 0.8515927172166227 57849.0
802 0:30:27.42503587 4:51:39.7156 3.042303783374286 -6.1521722168243835 0.06706353456507053 57849.0
803 0:30:27.42503587 4:51:39.7156 3.042303783374286 -6.1521722168243835 0.3285732621155879 57849.0
804 0:30:27.42503587 4:51:39.7156 3.042303783374286 -6.1521722168243835 0.5900829896661053 57849.0
805 0:30:27.42503587 4:51:39.7156 3.042303783374286 -6.1521722168243835 0.8515927172166227 57849.0
806 0:30:27.42503587 4:51:39.7156 3.042303783374286 -6.1521722168243835 1.11310244476714 57849.0
807 0:30:27.42503587 4:51:39.7156 3.042303783374286 -6.0465098775371615 0.06706353456507053 57849.0
808 0:30:27.42503587 4:51:39.7156 3.042303783374286 -6.0465098775371615 0.3285732621155879 57849.0
809 0:30:27.42503587 4:51:39.7156 3.042303783374286 -6.0465098775371615 0.5900829896661053 57849.0
810 0:30:27.42503587 4:51:39.7156 3.042303783374286 -6.0465098775371615 0.8515927172166227 57849.0
811 0:30:27.42503587 4:51:39.7156 3.042303783374286 -6.0465098775371615 1.11310244476714 57849.0
812 0:30:27.42503587 4:51:39.7156 3.1247639207240216 -6.2578345561116056 0.06706353456507053 57849.0
813 0:30:27.42503587 4:51:39.7156 3.1247639207240216 -6.2578345561116056 0.3285732621155879 57849.0
814 0:30:27.42503587 4:51:39.7156 3.1247639207240216 -6.2578345561116056 0.5900829896661053 57849.0
815 0:30:27.42503587 4:51:39.7156 3.1247639207240216 -6.2578345561116056 0.8515927172166227 57849.0
816 0:30:27.42503587 4:51:39.7156 3.1247639207240216 -6.1521722168243835 0.06706353456507053 57849.0
817 0:30:27.42503587 4:51:39.7156 3.1247639207240216 -6.1521722168243835 0.3285732621155879 57849.0
818 0:30:27.42503587 4:51:39.7156 3.1247639207240216 -6.1521722168243835 0.5900829896661053 57849.0
819 0:30:27.42503587 4:51:39.7156 3.1247639207240216 -6.1521722168243835 0.8515927172166227 57849.0
820 0:30:27.42503587 4:51:39.7156 3.1247639207240216 -6.1521722168243835 1.11310244476714 57849.0
821 0:30:27.42503587 4:51:39.7156 3.1247639207240216 -6.0465098775371615 0.06706353456507053 57849.0
822 0:30:27.42503587 4:51:39.7156 3.1247639207240216 -6.0465098775371615 0.3285732621155879 57849.0
823 0:30:27.42503587 4:51:39.7156 3.1247639207240216 -6.0465098775371615 0.5900829896661053 57849.0
824 0:30:27.42503587 4:51:39.7156 3.1247639207240216 -6.0465098775371615 0.8515927172166227 57849.0
825 0:30:27.42503587 4:51:39.7156 3.1247639207240216 -6.0465098775371615 1.11310244476714 57849.0
826 0:30:27.42503587 4:51:39.7156 3.2072240580737574 -6.2578345561116056 0.06706353456507053 57849.0
827 0:30:27.42503587 4:51:39.7156 3.2072240580737574 -6.2578345561116056 0.3285732621155879 57849.0
828 0:30:27.42503587 4:51:39.7156 3.2072240580737574 -6.2578345561116056 0.5900829896661053 57849.0
829 0:30:27.42503587 4:51:39.7156 3.2072240580737574 -6.2578345561116056 0.8515927172166227 57849.0
830 0:30:27.42503587 4:51:39.7156 3.2072240580737574 -6.1521722168243835 0.06706353456507053 57849.0
831 0:30:27.42503587 4:51:39.7156 3.2072240580737574 -6.1521722168243835 0.3285732621155879 57849.0
832 0:30:27.42503587 4:51:39.7156 3.2072240580737574 -6.1521722168243835 0.5900829896661053 57849.0
833 0:30:27.42503587 4:51:39.7156 3.2072240580737574 -6.1521722168243835 0.8515927172166227 57849.0
834 0:30:27.42503587 4:51:39.7156 3.2072240580737574 -6.1521722168243835 1.11310244476714 57849.0
835 0:30:27.42503587 4:51:39.7156 3.2072240580737574 -6.0465098775371615 0.06706353456507053 57849.0
836 0:30:27.42503587 4:51:39.7156 3.2072240580737574 -6.0465098775371615 0.3285732621155879 57849.0
837 0:30:27.42503587 4:51:39.7156 3.2072240580737574 -6.0465098775371615 0.5900829896661053 57849.0
838 0:30:27.42503587 4:51:39.7156 3.2072240580737574 -6.0465098775371615 0.8515927172166227 57849.0
839 0:30:27.42503587 4:51:39.7156 3.2072240580737574 -6.0465098775371615 1.11310244476714 57849.0
840 0:30:27.42503587 4:51:39.7159 2.8773835086748143 -6.2578345561116056 0.06706353456507053 57849.0
841 0:30:27.42503587 4:51:39.7159 2.8773835086748143 -6.2578345561116056 0.3285732621155879 57849.0
842 0:30:27.42503587 4:51:39.7159 2.8773835086748143 -6.2578345561116056 0.5900829896661053 57849.0
843 0:30:27.42503587 4:51:39.7159 2.8773835086748143 -6.2578345561116056 0.8515927172166227 57849.0
844 0:30:27.42503587 4:51:39.7159 2.8773835086748143 -6.1521722168243835 0.06706353456507053 57849.0
845 0:30:27.42503587 4:51:39.7159 2.8773835086748143 -6.1521722168243835 0.3285732621155879 57849.0
846 0:30:27.42503587 4:51:39.7159 2.8773835086748143 -6.1521722168243835 0.5900829896661053 57849.0
847 0:30:27.42503587 4:51:39.7159 2.8773835086748143 -6.1521722168243835 0.8515927172166227 57849.0
848 0:30:27.42503587 4:51:39.7159 2.8773835086748143 -6.1521722168243835 1.11310244476714 57849.0
849 0:30:27.42503587 4:51:39.7159 2.8773835086748143 -6.0465098775371615 0.06706353456507053 57849.0
850 0:30:27.42503587 4:51:39.7159 2.8773835086748143 -6.0465098775371615 0.3285732621155879 57849.0
851 0:30:27.42503587 4:51:39.7159 2.8773835086748143 -6.0465098775371615 0.5900829896661053 57849.0
852 0:30:27.42503587 4:51:39.7159 2.8773835086748143 -6.0465098775371615 0.8515927172166227 57849.0
853 0:30:27.42503587 4:51:39.7159 2.8773835086748143 -6.0465098775371615 1.11310244476714 57849.0
854 0:30:27.42503587 4:51:39.7159 2.95984364602455 -6.2578345561116056 0.06706353456507053 57849.0
855 0:30:27.42503587 4:51:39.7159 2.95984364602455 -6.2578345561116056 0.3285732621155879 57849.0
856 0:30:27.42503587 4:51:39.7159 2.95984364602455 -6.2578345561116056 0.5900829896661053 57849.0
857 0:30:27.42503587 4:51:39.7159 2.95984364602455 -6.2578345561116056 0.8515927172166227 57849.0
858 0:30:27.42503587 4:51:39.7159 2.95984364602455 -6.1521722168243835 0.06706353456507053 57849.0
859 0:30:27.42503587 4:51:39.7159 2.95984364602455 -6.1521722168243835 0.3285732621155879 57849.0
860 0:30:27.42503587 4:51:39.7159 2.95984364602455 -6.1521722168243835 0.5900829896661053 57849.0
861 0:30:27.42503587 4:51:39.7159 2.95984364602455 -6.1521722168243835 0.8515927172166227 57849.0
862 0:30:27.42503587 4:51:39.7159 2.95984364602455 -6.1521722168243835 1.11310244476714 57849.0
863 0:30:27.42503587 4:51:39.7159 2.95984364602455 -6.0465098775371615 0.06706353456507053 57849.0
864 0:30:27.42503587 4:51:39.7159 2.95984364602455 -6.0465098775371615 0.3285732621155879 57849.0
865 0:30:27.42503587 4:51:39.7159 2.95984364602455 -6.0465098775371615 0.5900829896661053 57849.0
866 0:30:27.42503587 4:51:39.7159 2.95984364602455 -6.0465098775371615 0.8515927172166227 57849.0
867 0:30:27.42503587 4:51:39.7159 2.95984364602455 -6.0465098775371615 1.11310244476714 57849.0
868 0:30:27.42503587 4:51:39.7159 3.042303783374286 -6.2578345561116056 0.06706353456507053 57849.0
869 0:30:27.42503587 4:51:39.7159 3.042303783374286 -6.2578345561116056 0.3285732621155879 57849.0
870 0:30:27.42503587 4:51:39.7159 3.042303783374286 -6.2578345561116056 0.5900829896661053 57849.0
871 0:30:27.42503587 4:51:39.7159 3.042303783374286 -6.2578345561116056 0.8515927172166227 57849.0
872 0:30:27.42503587 4:51:39.7159 3.042303783374286 -6.1521722168243835 0.06706353456507053 57849.0
873 0:30:27.42503587 4:51:39.7159 3.042303783374286 -6.1521722168243835 0.3285732621155879 57849.0
874 0:30:27.42503587 4:51:39.7159 3.042303783374286 -6.1521722168243835 0.5900829896661053 57849.0
875 0:30:27.42503587 4:51:39.7159 3.042303783374286 -6.1521722168243835 0.8515927172166227 57849.0
876 0:30:27.42503587 4:51:39.7159 3.042303783374286 -6.1521722168243835 1.11310244476714 57849.0
877 0:30:27.42503587 4:51:39.7159 3.042303783374286 -6.0465098775371615 0.06706353456507053 57849.0
878 0:30:27.42503587 4:51:39.7159 3.042303783374286 -6.0465098775371615 0.3285732621155879 57849.0
879 0:30:27.42503587 4:51:39.7159 3.042303783374286 -6.0465098775371615 0.5900829896661053 57849.0
880 0:30:27.42503587 4:51:39.7159 3.042303783374286 -6.0465098775371615 0.8515927172166227 57849.0
881 0:30:27.42503587 4:51:39.7159 3.042303783374286 -6.0465098775371615 1.11310244476714 57849.0
882 0:30:27.42503587 4:51:39.7159 3.1247639207240216 -6.2578345561116056 0.06706353456507053 57849.0
883 0:30:27.42503587 4:51:39.7159 3.1247639207240216 -6.2578345561116056 0.3285732621155879 57849.0
884 0:30:27.42503587 4:51:39.7159 3.1247639207240216 -6.2578345561116056 0.5900829896661053 57849.0
885 0:30:27.42503587 4:51:39.7159 3.1247639207240216 -6.2578345561116056 0.8515927172166227 57849.0
886 0:30:27.42503587 4:51:39.7159 3.1247639207240216 -6.1521722168243835 0.06706353456507053 57849.0
887 0:30:27.42503587 4:51:39.7159 3.1247639207240216 -6.1521722168243835 0.3285732621155879 57849.0
888 0:30:27.42503587 4:51:39.7159 3.1247639207240216 -6.1521722168243835 0.5900829896661053 57849.0
889 0:30:27.42503587 4:51:39.7159 3.1247639207240216 -6.1521722168243835 0.8515927172166227 57849.0
890 0:30:27.42503587 4:51:39.7159 3.1247639207240216 -6.1521722168243835 1.11310244476714 57849.0
891 0:30:27.42503587 4:51:39.7159 3.1247639207240216 -6.0465098775371615 0.06706353456507053 57849.0
892 0:30:27.42503587 4:51:39.7159 3.1247639207240216 -6.0465098775371615 0.3285732621155879 57849.0
893 0:30:27.42503587 4:51:39.7159 3.1247639207240216 -6.0465098775371615 0.5900829896661053 57849.0
894 0:30:27.42503587 4:51:39.7159 3.1247639207240216 -6.0465098775371615 0.8515927172166227 57849.0
895 0:30:27.42503587 4:51:39.7159 3.1247639207240216 -6.0465098775371615 1.11310244476714 57849.0
896 0:30:27.42503587 4:51:39.7159 3.2072240580737574 -6.2578345561116056 0.06706353456507053 57849.0
897 0:30:27.42503587 4:51:39.7159 3.2072240580737574 -6.2578345561116056 0.3285732621155879 57849.0
898 0:30:27.42503587 4:51:39.7159 3.2072240580737574 -6.2578345561116056 0.5900829896661053 57849.0
899 0:30:27.42503587 4:51:39.7159 3.2072240580737574 -6.2578345561116056 0.8515927172166227 57849.0
900 0:30:27.42503587 4:51:39.7159 3.2072240580737574 -6.1521722168243835 0.06706353456507053 57849.0
901 0:30:27.42503587 4:51:39.7159 3.2072240580737574 -6.1521722168243835 0.3285732621155879 57849.0
902 0:30:27.42503587 4:51:39.7159 3.2072240580737574 -6.1521722168243835 0.5900829896661053 57849.0
903 0:30:27.42503587 4:51:39.7159 3.2072240580737574 -6.1521722168243835 0.8515927172166227 57849.0
904 0:30:27.42503587 4:51:39.7159 3.2072240580737574 -6.1521722168243835 1.11310244476714 57849.0
905 0:30:27.42503587 4:51:39.7159 3.2072240580737574 -6.0465098775371615 0.06706353456507053 57849.0
906 0:30:27.42503587 4:51:39.7159 3.2072240580737574 -6.0465098775371615 0.3285732621155879 57849.0
907 0:30:27.42503587 4:51:39.7159 3.2072240580737574 -6.0465098775371615 0.5900829896661053 57849.0
908 0:30:27.42503587 4:51:39.7159 3.2072240580737574 -6.0465098775371615 0.8515927172166227 57849.0
909 0:30:27.42503587 4:51:39.7159 3.2072240580737574 -6.0465098775371615 1.11310244476714 57849.0
910 0:30:27.42503587 4:51:39.7162 2.8773835086748143 -6.2578345561116056 0.06706353456507053 57849.0
911 0:30:27.42503587 4:51:39.7162 2.8773835086748143 -6.2578345561116056 0.3285732621155879 57849.0
912 0:30:27.42503587 4:51:39.7162 2.8773835086748143 -6.2578345561116056 0.5900829896661053 57849.0
913 0:30:27.42503587 4:51:39.7162 2.8773835086748143 -6.2578345561116056 0.8515927172166227 57849.0
914 0:30:27.42503587 4:51:39.7162 2.8773835086748143 -6.1521722168243835 0.06706353456507053 57849.0
915 0:30:27.42503587 4:51:39.7162 2.8773835086748143 -6.1521722168243835 0.3285732621155879 57849.0
916 0:30:27.42503587 4:51:39.7162 2.8773835086748143 -6.1521722168243835 0.5900829896661053 57849.0
917 0:30:27.42503587 4:51:39.7162 2.8773835086748143 -6.1521722168243835 0.8515927172166227 57849.0
918 0:30:27.42503587 4:51:39.7162 2.8773835086748143 -6.1521722168243835 1.11310244476714 57849.0
919 0:30:27.42503587 4:51:39.7162 2.8773835086748143 -6.0465098775371615 0.06706353456507053 57849.0
920 0:30:27.42503587 4:51:39.7162 2.8773835086748143 -6.0465098775371615 0.3285732621155879 57849.0
921 0:30:27.42503587 4:51:39.7162 2.8773835086748143 -6.0465098775371615 0.5900829896661053 57849.0
922 0:30:27.42503587 4:51:39.7162 2.8773835086748143 -6.0465098775371615 0.8515927172166227 57849.0
923 0:30:27.42503587 4:51:39.7162 2.8773835086748143 -6.0465098775371615 1.11310244476714 57849.0
924 0:30:27.42503587 4:51:39.7162 2.95984364602455 -6.2578345561116056 0.06706353456507053 57849.0
925 0:30:27.42503587 4:51:39.7162 2.95984364602455 -6.2578345561116056 0.3285732621155879 57849.0
926 0:30:27.42503587 4:51:39.7162 2.95984364602455 -6.2578345561116056 0.5900829896661053 57849.0
927 0:30:27.42503587 4:51:39.7162 2.95984364602455 -6.2578345561116056 0.8515927172166227 57849.0
928 0:30:27.42503587 4:51:39.7162 2.95984364602455 -6.1521722168243835 0.06706353456507053 57849.0
929 0:30:27.42503587 4:51:39.7162 2.95984364602455 -6.1521722168243835 0.3285732621155879 57849.0
930 0:30:27.42503587 4:51:39.7162 2.95984364602455 -6.1521722168243835 0.5900829896661053 57849.0
931 0:30:27.42503587 4:51:39.7162 2.95984364602455 -6.1521722168243835 0.8515927172166227 57849.0
932 0:30:27.42503587 4:51:39.7162 2.95984364602455 -6.1521722168243835 1.11310244476714 57849.0
933 0:30:27.42503587 4:51:39.7162 2.95984364602455 -6.0465098775371615 0.06706353456507053 57849.0
934 0:30:27.42503587 4:51:39.7162 2.95984364602455 -6.0465098775371615 0.3285732621155879 57849.0
935 0:30:27.42503587 4:51:39.7162 2.95984364602455 -6.0465098775371615 0.5900829896661053 57849.0
936 0:30:27.42503587 4:51:39.7162 2.95984364602455 -6.0465098775371615 0.8515927172166227 57849.0
937 0:30:27.42503587 4:51:39.7162 2.95984364602455 -6.0465098775371615 1.11310244476714 57849.0
938 0:30:27.42503587 4:51:39.7162 3.042303783374286 -6.2578345561116056 0.06706353456507053 57849.0
939 0:30:27.42503587 4:51:39.7162 3.042303783374286 -6.2578345561116056 0.3285732621155879 57849.0
940 0:30:27.42503587 4:51:39.7162 3.042303783374286 -6.2578345561116056 0.5900829896661053 57849.0
941 0:30:27.42503587 4:51:39.7162 3.042303783374286 -6.2578345561116056 0.8515927172166227 57849.0
942 0:30:27.42503587 4:51:39.7162 3.042303783374286 -6.1521722168243835 0.06706353456507053 57849.0
943 0:30:27.42503587 4:51:39.7162 3.042303783374286 -6.1521722168243835 0.3285732621155879 57849.0
944 0:30:27.42503587 4:51:39.7162 3.042303783374286 -6.1521722168243835 0.5900829896661053 57849.0
945 0:30:27.42503587 4:51:39.7162 3.042303783374286 -6.1521722168243835 0.8515927172166227 57849.0
946 0:30:27.42503587 4:51:39.7162 3.042303783374286 -6.1521722168243835 1.11310244476714 57849.0
947 0:30:27.42503587 4:51:39.7162 3.042303783374286 -6.0465098775371615 0.06706353456507053 57849.0
948 0:30:27.42503587 4:51:39.7162 3.042303783374286 -6.0465098775371615 0.3285732621155879 57849.0
949 0:30:27.42503587 4:51:39.7162 3.042303783374286 -6.0465098775371615 0.5900829896661053 57849.0
950 0:30:27.42503587 4:51:39.7162 3.042303783374286 -6.0465098775371615 0.8515927172166227 57849.0
951 0:30:27.42503587 4:51:39.7162 3.042303783374286 -6.0465098775371615 1.11310244476714 57849.0
952 0:30:27.42503587 4:51:39.7162 3.1247639207240216 -6.2578345561116056 0.06706353456507053 57849.0
953 0:30:27.42503587 4:51:39.7162 3.1247639207240216 -6.2578345561116056 0.3285732621155879 57849.0
954 0:30:27.42503587 4:51:39.7162 3.1247639207240216 -6.2578345561116056 0.5900829896661053 57849.0
955 0:30:27.42503587 4:51:39.7162 3.1247639207240216 -6.2578345561116056 0.8515927172166227 57849.0
956 0:30:27.42503587 4:51:39.7162 3.1247639207240216 -6.1521722168243835 0.06706353456507053 57849.0
957 0:30:27.42503587 4:51:39.7162 3.1247639207240216 -6.1521722168243835 0.3285732621155879 57849.0
958 0:30:27.42503587 4:51:39.7162 3.1247639207240216 -6.1521722168243835 0.5900829896661053 57849.0
959 0:30:27.42503587 4:51:39.7162 3.1247639207240216 -6.1521722168243835 0.8515927172166227 57849.0
960 0:30:27.42503587 4:51:39.7162 3.1247639207240216 -6.1521722168243835 1.11310244476714 57849.0
961 0:30:27.42503587 4:51:39.7162 3.1247639207240216 -6.0465098775371615 0.06706353456507053 57849.0
962 0:30:27.42503587 4:51:39.7162 3.1247639207240216 -6.0465098775371615 0.3285732621155879 57849.0
963 0:30:27.42503587 4:51:39.7162 3.1247639207240216 -6.0465098775371615 0.5900829896661053 57849.0
964 0:30:27.42503587 4:51:39.7162 3.1247639207240216 -6.0465098775371615 0.8515927172166227 57849.0
965 0:30:27.42503587 4:51:39.7162 3.1247639207240216 -6.0465098775371615 1.11310244476714 57849.0
966 0:30:27.42503587 4:51:39.7162 3.2072240580737574 -6.2578345561116056 0.06706353456507053 57849.0
967 0:30:27.42503587 4:51:39.7162 3.2072240580737574 -6.2578345561116056 0.3285732621155879 57849.0
968 0:30:27.42503587 4:51:39.7162 3.2072240580737574 -6.2578345561116056 0.5900829896661053 57849.0
969 0:30:27.42503587 4:51:39.7162 3.2072240580737574 -6.2578345561116056 0.8515927172166227 57849.0
970 0:30:27.42503587 4:51:39.7162 3.2072240580737574 -6.1521722168243835 0.06706353456507053 57849.0
971 0:30:27.42503587 4:51:39.7162 3.2072240580737574 -6.1521722168243835 0.3285732621155879 57849.0
972 0:30:27.42503587 4:51:39.7162 3.2072240580737574 -6.1521722168243835 0.5900829896661053 57849.0
973 0:30:27.42503587 4:51:39.7162 3.2072240580737574 -6.1521722168243835 0.8515927172166227 57849.0
974 0:30:27.42503587 4:51:39.7162 3.2072240580737574 -6.1521722168243835 1.11310244476714 57849.0
975 0:30:27.42503587 4:51:39.7162 3.2072240580737574 -6.0465098775371615 0.06706353456507053 57849.0
976 0:30:27.42503587 4:51:39.7162 3.2072240580737574 -6.0465098775371615 0.3285732621155879 57849.0
977 0:30:27.42503587 4:51:39.7162 3.2072240580737574 -6.0465098775371615 0.5900829896661053 57849.0
978 0:30:27.42503587 4:51:39.7162 3.2072240580737574 -6.0465098775371615 0.8515927172166227 57849.0
979 0:30:27.42503587 4:51:39.7162 3.2072240580737574 -6.0465098775371615 1.11310244476714 57849.0
980 0:30:27.42503587 4:51:39.7165 2.8773835086748143 -6.2578345561116056 0.06706353456507053 57849.0
981 0:30:27.42503587 4:51:39.7165 2.8773835086748143 -6.2578345561116056 0.3285732621155879 57849.0
982 0:30:27.42503587 4:51:39.7165 2.8773835086748143 -6.2578345561116056 0.5900829896661053 57849.0
983 0:30:27.42503587 4:51:39.7165 2.8773835086748143 -6.2578345561116056 0.8515927172166227 57849.0
984 0:30:27.42503587 4:51:39.7165 2.8773835086748143 -6.1521722168243835 0.06706353456507053 57849.0
985 0:30:27.42503587 4:51:39.7165 2.8773835086748143 -6.1521722168243835 0.3285732621155879 57849.0
986 0:30:27.42503587 4:51:39.7165 2.8773835086748143 -6.1521722168243835 0.5900829896661053 57849.0
987 0:30:27.42503587 4:51:39.7165 2.8773835086748143 -6.1521722168243835 0.8515927172166227 57849.0
988 0:30:27.42503587 4:51:39.7165 2.8773835086748143 -6.1521722168243835 1.11310244476714 57849.0
989 0:30:27.42503587 4:51:39.7165 2.8773835086748143 -6.0465098775371615 0.06706353456507053 57849.0
990 0:30:27.42503587 4:51:39.7165 2.8773835086748143 -6.0465098775371615 0.3285732621155879 57849.0
991 0:30:27.42503587 4:51:39.7165 2.8773835086748143 -6.0465098775371615 0.5900829896661053 57849.0
992 0:30:27.42503587 4:51:39.7165 2.8773835086748143 -6.0465098775371615 0.8515927172166227 57849.0
993 0:30:27.42503587 4:51:39.7165 2.8773835086748143 -6.0465098775371615 1.11310244476714 57849.0
994 0:30:27.42503587 4:51:39.7165 2.95984364602455 -6.2578345561116056 0.06706353456507053 57849.0
995 0:30:27.42503587 4:51:39.7165 2.95984364602455 -6.2578345561116056 0.3285732621155879 57849.0
996 0:30:27.42503587 4:51:39.7165 2.95984364602455 -6.2578345561116056 0.5900829896661053 57849.0
997 0:30:27.42503587 4:51:39.7165 2.95984364602455 -6.2578345561116056 0.8515927172166227 57849.0
998 0:30:27.42503587 4:51:39.7165 2.95984364602455 -6.1521722168243835 0.06706353456507053 57849.0
999 0:30:27.42503587 4:51:39.7165 2.95984364602455 -6.1521722168243835 0.3285732621155879 57849.0
1000 0:30:27.42503587 4:51:39.7165 2.95984364602455 -6.1521722168243835 0.5900829896661053 57849.0
1001 0:30:27.42503587 4:51:39.7165 2.95984364602455 -6.1521722168243835 0.8515927172166227 57849.0
1002 0:30:27.42503587 4:51:39.7165 2.95984364602455 -6.1521722168243835 1.11310244476714 57849.0
1003 0:30:27.42503587 4:51:39.7165 2.95984364602455 -6.0465098775371615 0.06706353456507053 57849.0
1004 0:30:27.42503587 4:51:39.7165 2.95984364602455 -6.0465098775371615 0.3285732621155879 57849.0
1005 0:30:27.42503587 4:51:39.7165 2.95984364602455 -6.0465098775371615 0.5900829896661053 57849.0
1006 0:30:27.42503587 4:51:39.7165 2.95984364602455 -6.0465098775371615 0.8515927172166227 57849.0
1007 0:30:27.42503587 4:51:39.7165 2.95984364602455 -6.0465098775371615 1.11310244476714 57849.0
1008 0:30:27.42503587 4:51:39.7165 3.042303783374286 -6.2578345561116056 0.06706353456507053 57849.0
1009 0:30:27.42503587 4:51:39.7165 3.042303783374286 -6.2578345561116056 0.3285732621155879 57849.0
1010 0:30:27.42503587 4:51:39.7165 3.042303783374286 -6.2578345561116056 0.5900829896661053 57849.0
1011 0:30:27.42503587 4:51:39.7165 3.042303783374286 -6.2578345561116056 0.8515927172166227 57849.0
1012 0:30:27.42503587 4:51:39.7165 3.042303783374286 -6.1521722168243835 0.06706353456507053 57849.0
1013 0:30:27.42503587 4:51:39.7165 3.042303783374286 -6.1521722168243835 0.3285732621155879 57849.0
1014 0:30:27.42503587 4:51:39.7165 3.042303783374286 -6.1521722168243835 0.5900829896661053 57849.0
1015 0:30:27.42503587 4:51:39.7165 3.042303783374286 -6.1521722168243835 0.8515927172166227 57849.0
1016 0:30:27.42503587 4:51:39.7165 3.042303783374286 -6.1521722168243835 1.11310244476714 57849.0
1017 0:30:27.42503587 4:51:39.7165 3.042303783374286 -6.0465098775371615 0.06706353456507053 57849.0
1018 0:30:27.42503587 4:51:39.7165 3.042303783374286 -6.0465098775371615 0.3285732621155879 57849.0
1019 0:30:27.42503587 4:51:39.7165 3.042303783374286 -6.0465098775371615 0.5900829896661053 57849.0
1020 0:30:27.42503587 4:51:39.7165 3.042303783374286 -6.0465098775371615 0.8515927172166227 57849.0
1021 0:30:27.42503587 4:51:39.7165 3.042303783374286 -6.0465098775371615 1.11310244476714 57849.0
1022 0:30:27.42503587 4:51:39.7165 3.1247639207240216 -6.2578345561116056 0.06706353456507053 57849.0
1023 0:30:27.42503587 4:51:39.7165 3.1247639207240216 -6.2578345561116056 0.3285732621155879 57849.0
1024 0:30:27.42503587 4:51:39.7165 3.1247639207240216 -6.2578345561116056 0.5900829896661053 57849.0
1025 0:30:27.42503587 4:51:39.7165 3.1247639207240216 -6.2578345561116056 0.8515927172166227 57849.0
1026 0:30:27.42503587 4:51:39.7165 3.1247639207240216 -6.1521722168243835 0.06706353456507053 57849.0
1027 0:30:27.42503587 4:51:39.7165 3.1247639207240216 -6.1521722168243835 0.3285732621155879 57849.0
1028 0:30:27.42503587 4:51:39.7165 3.1247639207240216 -6.1521722168243835 0.5900829896661053 57849.0
1029 0:30:27.42503587 4:51:39.7165 3.1247639207240216 -6.1521722168243835 0.8515927172166227 57849.0
1030 0:30:27.42503587 4:51:39.7165 3.1247639207240216 -6.1521722168243835 1.11310244476714 57849.0
1031 0:30:27.42503587 4:51:39.7165 3.1247639207240216 -6.0465098775371615 0.06706353456507053 57849.0
1032 0:30:27.42503587 4:51:39.7165 3.1247639207240216 -6.0465098775371615 0.3285732621155879 57849.0
1033 0:30:27.42503587 4:51:39.7165 3.1247639207240216 -6.0465098775371615 0.5900829896661053 57849.0
1034 0:30:27.42503587 4:51:39.7165 3.1247639207240216 -6.0465098775371615 0.8515927172166227 57849.0
1035 0:30:27.42503587 4:51:39.7165 3.1247639207240216 -6.0465098775371615 1.11310244476714 57849.0
1036 0:30:27.42503587 4:51:39.7165 3.2072240580737574 -6.2578345561116056 0.06706353456507053 57849.0
1037 0:30:27.42503587 4:51:39.7165 3.2072240580737574 -6.2578345561116056 0.3285732621155879 57849.0
1038 0:30:27.42503587 4:51:39.7165 3.2072240580737574 -6.2578345561116056 0.5900829896661053 57849.0
1039 0:30:27.42503587 4:51:39.7165 3.2072240580737574 -6.2578345561116056 0.8515927172166227 57849.0
1040 0:30:27.42503587 4:51:39.7165 3.2072240580737574 -6.1521722168243835 0.06706353456507053 57849.0
1041 0:30:27.42503587 4:51:39.7165 3.2072240580737574 -6.1521722168243835 0.3285732621155879 57849.0
1042 0:30:27.42503587 4:51:39.7165 3.2072240580737574 -6.1521722168243835 0.5900829896661053 57849.0
1043 0:30:27.42503587 4:51:39.7165 3.2072240580737574 -6.1521722168243835 0.8515927172166227 57849.0
1044 0:30:27.42503587 4:51:39.7165 3.2072240580737574 -6.1521722168243835 1.11310244476714 57849.0
1045 0:30:27.42503587 4:51:39.7165 3.2072240580737574 -6.0465098775371615 0.06706353456507053 57849.0
1046 0:30:27.42503587 4:51:39.7165 3.2072240580737574 -6.0465098775371615 0.3285732621155879 57849.0
1047 0:30:27.42503587 4:51:39.7165 3.2072240580737574 -6.0465098775371615 0.5900829896661053 57849.0
1048 0:30:27.42503587 4:51:39.7165 3.2072240580737574 -6.0465098775371615 0.8515927172166227 57849.0
1049 0:30:27.42503587 4:51:39.7165 3.2072240580737574 -6.0465098775371615 1.11310244476714 57849.0
1050 0:30:27.42508145 4:51:39.7153 2.8773835086748143 -6.2578345561116056 0.06706353456507053 57849.0
1051 0:30:27.42508145 4:51:39.7153 2.8773835086748143 -6.2578345561116056 0.3285732621155879 57849.0
1052 0:30:27.42508145 4:51:39.7153 2.8773835086748143 -6.2578345561116056 0.5900829896661053 57849.0
1053 0:30:27.42508145 4:51:39.7153 2.8773835086748143 -6.2578345561116056 0.8515927172166227 57849.0
1054 0:30:27.42508145 4:51:39.7153 2.8773835086748143 -6.1521722168243835 0.06706353456507053 57849.0
1055 0:30:27.42508145 4:51:39.7153 2.8773835086748143 -6.1521722168243835 0.3285732621155879 57849.0
1056 0:30:27.42508145 4:51:39.7153 2.8773835086748143 -6.1521722168243835 0.5900829896661053 57849.0
1057 0:30:27.42508145 4:51:39.7153 2.8773835086748143 -6.1521722168243835 0.8515927172166227 57849.0
1058 0:30:27.42508145 4:51:39.7153 2.8773835086748143 -6.1521722168243835 1.11310244476714 57849.0
1059 0:30:27.42508145 4:51:39.7153 2.8773835086748143 -6.0465098775371615 0.06706353456507053 57849.0
1060 0:30:27.42508145 4:51:39.7153 2.8773835086748143 -6.0465098775371615 0.3285732621155879 57849.0
1061 0:30:27.42508145 4:51:39.7153 2.8773835086748143 -6.0465098775371615 0.5900829896661053 57849.0
1062 0:30:27.42508145 4:51:39.7153 2.8773835086748143 -6.0465098775371615 0.8515927172166227 57849.0
1063 0:30:27.42508145 4:51:39.7153 2.8773835086748143 -6.0465098775371615 1.11310244476714 57849.0
1064 0:30:27.42508145 4:51:39.7153 2.95984364602455 -6.2578345561116056 0.06706353456507053 57849.0
1065 0:30:27.42508145 4:51:39.7153 2.95984364602455 -6.2578345561116056 0.3285732621155879 57849.0
1066 0:30:27.42508145 4:51:39.7153 2.95984364602455 -6.2578345561116056 0.5900829896661053 57849.0
1067 0:30:27.42508145 4:51:39.7153 2.95984364602455 -6.2578345561116056 0.8515927172166227 57849.0
1068 0:30:27.42508145 4:51:39.7153 2.95984364602455 -6.1521722168243835 0.06706353456507053 57849.0
1069 0:30:27.42508145 4:51:39.7153 2.95984364602455 -6.1521722168243835 0.3285732621155879 57849.0
1070 0:30:27.42508145 4:51:39.7153 2.95984364602455 -6.1521722168243835 0.5900829896661053 57849.0
1071 0:30:27.42508145 4:51:39.7153 2.95984364602455 -6.1521722168243835 0.8515927172166227 57849.0
1072 0:30:27.42508145 4:51:39.7153 2.95984364602455 -6.1521722168243835 1.11310244476714 57849.0
1073 0:30:27.42508145 4:51:39.7153 2.95984364602455 -6.0465098775371615 0.06706353456507053 57849.0
1074 0:30:27.42508145 4:51:39.7153 2.95984364602455 -6.0465098775371615 0.3285732621155879 57849.0
1075 0:30:27.42508145 4:51:39.7153 2.95984364602455 -6.0465098775371615 0.5900829896661053 57849.0
1076 0:30:27.42508145 4:51:39.7153 2.95984364602455 -6.0465098775371615 0.8515927172166227 57849.0
1077 0:30:27.42508145 4:51:39.7153 2.95984364602455 -6.0465098775371615 1.11310244476714 57849.0
1078 0:30:27.42508145 4:51:39.7153 3.042303783374286 -6.2578345561116056 0.06706353456507053 57849.0
1079 0:30:27.42508145 4:51:39.7153 3.042303783374286 -6.2578345561116056 0.3285732621155879 57849.0
1080 0:30:27.42508145 4:51:39.7153 3.042303783374286 -6.2578345561116056 0.5900829896661053 57849.0
1081 0:30:27.42508145 4:51:39.7153 3.042303783374286 -6.2578345561116056 0.8515927172166227 57849.0
1082 0:30:27.42508145 4:51:39.7153 3.042303783374286 -6.1521722168243835 0.06706353456507053 57849.0
1083 0:30:27.42508145 4:51:39.7153 3.042303783374286 -6.1521722168243835 0.3285732621155879 57849.0
1084 0:30:27.42508145 4:51:39.7153 3.042303783374286 -6.1521722168243835 0.5900829896661053 57849.0
1085 0:30:27.42508145 4:51:39.7153 3.042303783374286 -6.1521722168243835 0.8515927172166227 57849.0
1086 0:30:27.42508145 4:51:39.7153 3.042303783374286 -6.1521722168243835 1.11310244476714 57849.0
1087 0:30:27.42508145 4:51:39.7153 3.042303783374286 -6.0465098775371615 0.06706353456507053 57849.0
1088 0:30:27.42508145 4:51:39.7153 3.042303783374286 -6.0465098775371615 0.3285732621155879 57849.0
1089 0:30:27.42508145 4:51:39.7153 3.042303783374286 -6.0465098775371615 0.5900829896661053 57849.0
1090 0:30:27.42508145 4:51:39.7153 3.042303783374286 -6.0465098775371615 0.8515927172166227 57849.0
1091 0:30:27.42508145 4:51:39.7153 3.042303783374286 -6.0465098775371615 1.11310244476714 57849.0
1092 0:30:27.42508145 4:51:39.7153 3.1247639207240216 -6.2578345561116056 0.06706353456507053 57849.0
1093 0:30:27.42508145 4:51:39.7153 3.1247639207240216 -6.2578345561116056 0.3285732621155879 57849.0
1094 0:30:27.42508145 4:51:39.7153 3.1247639207240216 -6.2578345561116056 0.5900829896661053 57849.0
1095 0:30:27.42508145 4:51:39.7153 3.1247639207240216 -6.2578345561116056 0.8515927172166227 57849.0
1096 0:30:27.42508145 4:51:39.7153 3.1247639207240216 -6.1521722168243835 0.06706353456507053 57849.0
1097 0:30:27.42508145 4:51:39.7153 3.1247639207240216 -6.1521722168243835 0.3285732621155879 57849.0
1098 0:30:27.42508145 4:51:39.7153 3.1247639207240216 -6.1521722168243835 0.5900829896661053 57849.0
1099 0:30:27.42508145 4:51:39.7153 3.1247639207240216 -6.1521722168243835 0.8515927172166227 57849.0
1100 0:30:27.42508145 4:51:39.7153 3.1247639207240216 -6.1521722168243835 1.11310244476714 57849.0
1101 0:30:27.42508145 4:51:39.7153 3.1247639207240216 -6.0465098775371615 0.06706353456507053 57849.0
1102 0:30:27.42508145 4:51:39.7153 3.1247639207240216 -6.0465098775371615 0.3285732621155879 57849.0
1103 0:30:27.42508145 4:51:39.7153 3.1247639207240216 -6.0465098775371615 0.5900829896661053 57849.0
1104 0:30:27.42508145 4:51:39.7153 3.1247639207240216 -6.0465098775371615 0.8515927172166227 57849.0
1105 0:30:27.42508145 4:51:39.7153 3.1247639207240216 -6.0465098775371615 1.11310244476714 57849.0
1106 0:30:27.42508145 4:51:39.7153 3.2072240580737574 -6.2578345561116056 0.06706353456507053 57849.0
1107 0:30:27.42508145 4:51:39.7153 3.2072240580737574 -6.2578345561116056 0.3285732621155879 57849.0
1108 0:30:27.42508145 4:51:39.7153 3.2072240580737574 -6.2578345561116056 0.5900829896661053 57849.0
1109 0:30:27.42508145 4:51:39.7153 3.2072240580737574 -6.2578345561116056 0.8515927172166227 57849.0
1110 0:30:27.42508145 4:51:39.7153 3.2072240580737574 -6.1521722168243835 0.06706353456507053 57849.0
1111 0:30:27.42508145 4:51:39.7153 3.2072240580737574 -6.1521722168243835 0.3285732621155879 57849.0
1112 0:30:27.42508145 4:51:39.7153 3.2072240580737574 -6.1521722168243835 0.5900829896661053 57849.0
1113 0:30:27.42508145 4:51:39.7153 3.2072240580737574 -6.1521722168243835 0.8515927172166227 57849.0
1114 0:30:27.42508145 4:51:39.7153 3.2072240580737574 -6.1521722168243835 1.11310244476714 57849.0
1115 0:30:27.42508145 4:51:39.7153 3.2072240580737574 -6.0465098775371615 0.06706353456507053 57849.0
1116 0:30:27.42508145 4:51:39.7153 3.2072240580737574 -6.0465098775371615 0.3285732621155879 57849.0
1117 0:30:27.42508145 4:51:39.7153 3.2072240580737574 -6.0465098775371615 0.5900829896661053 57849.0
1118 0:30:27.42508145 4:51:39.7153 3.2072240580737574 -6.0465098775371615 0.8515927172166227 57849.0
1119 0:30:27.42508145 4:51:39.7153 3.2072240580737574 -6.0465098775371615 1.11310244476714 57849.0
1120 0:30:27.42508145 4:51:39.7156 2.8773835086748143 -6.2578345561116056 0.06706353456507053 57849.0
1121 0:30:27.42508145 4:51:39.7156 2.8773835086748143 -6.2578345561116056 0.3285732621155879 57849.0
1122 0:30:27.42508145 4:51:39.7156 2.8773835086748143 -6.2578345561116056 0.5900829896661053 57849.0
1123 0:30:27.42508145 4:51:39.7156 2.8773835086748143 -6.2578345561116056 0.8515927172166227 57849.0
1124 0:30:27.42508145 4:51:39.7156 2.8773835086748143 -6.1521722168243835 0.06706353456507053 57849.0
1125 0:30:27.42508145 4:51:39.7156 2.8773835086748143 -6.1521722168243835 0.3285732621155879 57849.0
1126 0:30:27.42508145 4:51:39.7156 2.8773835086748143 -6.1521722168243835 0.5900829896661053 57849.0
1127 0:30:27.42508145 4:51:39.7156 2.8773835086748143 -6.1521722168243835 0.8515927172166227 57849.0
1128 0:30:27.42508145 4:51:39.7156 2.8773835086748143 -6.1521722168243835 1.11310244476714 57849.0
1129 0:30:27.42508145 4:51:39.7156 2.8773835086748143 -6.0465098775371615 0.06706353456507053 57849.0
1130 0:30:27.42508145 4:51:39.7156 2.8773835086748143 -6.0465098775371615 0.3285732621155879 57849.0
1131 0:30:27.42508145 4:51:39.7156 2.8773835086748143 -6.0465098775371615 0.5900829896661053 57849.0
1132 0:30:27.42508145 4:51:39.7156 2.8773835086748143 -6.0465098775371615 0.8515927172166227 57849.0
1133 0:30:27.42508145 4:51:39.7156 2.8773835086748143 -6.0465098775371615 1.11310244476714 57849.0
1134 0:30:27.42508145 4:51:39.7156 2.95984364602455 -6.2578345561116056 0.06706353456507053 57849.0
1135 0:30:27.42508145 4:51:39.7156 2.95984364602455 -6.2578345561116056 0.3285732621155879 57849.0
1136 0:30:27.42508145 4:51:39.7156 2.95984364602455 -6.2578345561116056 0.5900829896661053 57849.0
1137 0:30:27.42508145 4:51:39.7156 2.95984364602455 -6.2578345561116056 0.8515927172166227 57849.0
1138 0:30:27.42508145 4:51:39.7156 2.95984364602455 -6.1521722168243835 0.06706353456507053 57849.0
1139 0:30:27.42508145 4:51:39.7156 2.95984364602455 -6.1521722168243835 0.3285732621155879 57849.0
1140 0:30:27.42508145 4:51:39.7156 2.95984364602455 -6.1521722168243835 0.5900829896661053 57849.0
1141 0:30:27.42508145 4:51:39.7156 2.95984364602455 -6.1521722168243835 0.8515927172166227 57849.0
1142 0:30:27.42508145 4:51:39.7156 2.95984364602455 -6.1521722168243835 1.11310244476714 57849.0
1143 0:30:27.42508145 4:51:39.7156 2.95984364602455 -6.0465098775371615 0.06706353456507053 57849.0
1144 0:30:27.42508145 4:51:39.7156 2.95984364602455 -6.0465098775371615 0.3285732621155879 57849.0
1145 0:30:27.42508145 4:51:39.7156 2.95984364602455 -6.0465098775371615 0.5900829896661053 57849.0
1146 0:30:27.42508145 4:51:39.7156 2.95984364602455 -6.0465098775371615 0.8515927172166227 57849.0
1147 0:30:27.42508145 4:51:39.7156 2.95984364602455 -6.0465098775371615 1.11310244476714 57849.0
1148 0:30:27.42508145 4:51:39.7156 3.042303783374286 -6.2578345561116056 0.06706353456507053 57849.0
1149 0:30:27.42508145 4:51:39.7156 3.042303783374286 -6.2578345561116056 0.3285732621155879 57849.0
1150 0:30:27.42508145 4:51:39.7156 3.042303783374286 -6.2578345561116056 0.5900829896661053 57849.0
1151 0:30:27.42508145 4:51:39.7156 3.042303783374286 -6.2578345561116056 0.8515927172166227 57849.0
1152 0:30:27.42508145 4:51:39.7156 3.042303783374286 -6.1521722168243835 0.06706353456507053 57849.0
1153 0:30:27.42508145 4:51:39.7156 3.042303783374286 -6.1521722168243835 0.3285732621155879 57849.0
1154 0:30:27.42508145 4:51:39.7156 3.042303783374286 -6.1521722168243835 0.5900829896661053 57849.0
1155 0:30:27.42508145 4:51:39.7156 3.042303783374286 -6.1521722168243835 0.8515927172166227 57849.0
1156 0:30:27.42508145 4:51:39.7156 3.042303783374286 -6.1521722168243835 1.11310244476714 57849.0
1157 0:30:27.42508145 4:51:39.7156 3.042303783374286 -6.0465098775371615 0.06706353456507053 57849.0
1158 0:30:27.42508145 4:51:39.7156 3.042303783374286 -6.0465098775371615 0.3285732621155879 57849.0
1159 0:30:27.42508145 4:51:39.7156 3.042303783374286 -6.0465098775371615 0.5900829896661053 57849.0
1160 0:30:27.42508145 4:51:39.7156 3.042303783374286 -6.0465098775371615 0.8515927172166227 57849.0
1161 0:30:27.42508145 4:51:39.7156 3.042303783374286 -6.0465098775371615 1.11310244476714 57849.0
1162 0:30:27.42508145 4:51:39.7156 3.1247639207240216 -6.2578345561116056 0.06706353456507053 57849.0
1163 0:30:27.42508145 4:51:39.7156 3.1247639207240216 -6.2578345561116056 0.3285732621155879 57849.0
1164 0:30:27.42508145 4:51:39.7156 3.1247639207240216 -6.2578345561116056 0.5900829896661053 57849.0
1165 0:30:27.42508145 4:51:39.7156 3.1247639207240216 -6.2578345561116056 0.8515927172166227 57849.0
1166 0:30:27.42508145 4:51:39.7156 3.1247639207240216 -6.1521722168243835 0.06706353456507053 57849.0
1167 0:30:27.42508145 4:51:39.7156 3.1247639207240216 -6.1521722168243835 0.3285732621155879 57849.0
1168 0:30:27.42508145 4:51:39.7156 3.1247639207240216 -6.1521722168243835 0.5900829896661053 57849.0
1169 0:30:27.42508145 4:51:39.7156 3.1247639207240216 -6.1521722168243835 0.8515927172166227 57849.0
1170 0:30:27.42508145 4:51:39.7156 3.1247639207240216 -6.1521722168243835 1.11310244476714 57849.0
1171 0:30:27.42508145 4:51:39.7156 3.1247639207240216 -6.0465098775371615 0.06706353456507053 57849.0
1172 0:30:27.42508145 4:51:39.7156 3.1247639207240216 -6.0465098775371615 0.3285732621155879 57849.0
1173 0:30:27.42508145 4:51:39.7156 3.1247639207240216 -6.0465098775371615 0.5900829896661053 57849.0
1174 0:30:27.42508145 4:51:39.7156 3.1247639207240216 -6.0465098775371615 0.8515927172166227 57849.0
1175 0:30:27.42508145 4:51:39.7156 3.1247639207240216 -6.0465098775371615 1.11310244476714 57849.0
1176 0:30:27.42508145 4:51:39.7156 3.2072240580737574 -6.2578345561116056 0.06706353456507053 57849.0
1177 0:30:27.42508145 4:51:39.7156 3.2072240580737574 -6.2578345561116056 0.3285732621155879 57849.0
1178 0:30:27.42508145 4:51:39.7156 3.2072240580737574 -6.2578345561116056 0.5900829896661053 57849.0
1179 0:30:27.42508145 4:51:39.7156 3.2072240580737574 -6.2578345561116056 0.8515927172166227 57849.0
1180 0:30:27.42508145 4:51:39.7156 3.2072240580737574 -6.1521722168243835 0.06706353456507053 57849.0
1181 0:30:27.42508145 4:51:39.7156 3.2072240580737574 -6.1521722168243835 0.3285732621155879 57849.0
1182 0:30:27.42508145 4:51:39.7156 3.2072240580737574 -6.1521722168243835 0.5900829896661053 57849.0
1183 0:30:27.42508145 4:51:39.7156 3.2072240580737574 -6.1521722168243835 0.8515927172166227 57849.0
1184 0:30:27.42508145 4:51:39.7156 3.2072240580737574 -6.1521722168243835 1.11310244476714 57849.0
1185 0:30:27.42508145 4:51:39.7156 3.2072240580737574 -6.0465098775371615 0.06706353456507053 57849.0
1186 0:30:27.42508145 4:51:39.7156 3.2072240580737574 -6.0465098775371615 0.3285732621155879 57849.0
1187 0:30:27.42508145 4:51:39.7156 3.2072240580737574 -6.0465098775371615 0.5900829896661053 57849.0
1188 0:30:27.42508145 4:51:39.7156 3.2072240580737574 -6.0465098775371615 0.8515927172166227 57849.0
1189 0:30:27.42508145 4:51:39.7156 3.2072240580737574 -6.0465098775371615 1.11310244476714 57849.0
1190 0:30:27.42508145 4:51:39.7159 2.8773835086748143 -6.2578345561116056 0.06706353456507053 57849.0
1191 0:30:27.42508145 4:51:39.7159 2.8773835086748143 -6.2578345561116056 0.3285732621155879 57849.0
1192 0:30:27.42508145 4:51:39.7159 2.8773835086748143 -6.2578345561116056 0.5900829896661053 57849.0
1193 0:30:27.42508145 4:51:39.7159 2.8773835086748143 -6.2578345561116056 0.8515927172166227 57849.0
1194 0:30:27.42508145 4:51:39.7159 2.8773835086748143 -6.1521722168243835 0.06706353456507053 57849.0
1195 0:30:27.42508145 4:51:39.7159 2.8773835086748143 -6.1521722168243835 0.3285732621155879 57849.0
1196 0:30:27.42508145 4:51:39.7159 2.8773835086748143 -6.1521722168243835 0.5900829896661053 57849.0
1197 0:30:27.42508145 4:51:39.7159 2.8773835086748143 -6.1521722168243835 0.8515927172166227 57849.0
1198 0:30:27.42508145 4:51:39.7159 2.8773835086748143 -6.1521722168243835 1.11310244476714 57849.0
1199 0:30:27.42508145 4:51:39.7159 2.8773835086748143 -6.0465098775371615 0.06706353456507053 57849.0
1200 0:30:27.42508145 4:51:39.7159 2.8773835086748143 -6.0465098775371615 0.3285732621155879 57849.0
1201 0:30:27.42508145 4:51:39.7159 2.8773835086748143 -6.0465098775371615 0.5900829896661053 57849.0
1202 0:30:27.42508145 4:51:39.7159 2.8773835086748143 -6.0465098775371615 0.8515927172166227 57849.0
1203 0:30:27.42508145 4:51:39.7159 2.8773835086748143 -6.0465098775371615 1.11310244476714 57849.0
1204 0:30:27.42508145 4:51:39.7159 2.95984364602455 -6.2578345561116056 0.06706353456507053 57849.0
1205 0:30:27.42508145 4:51:39.7159 2.95984364602455 -6.2578345561116056 0.3285732621155879 57849.0
1206 0:30:27.42508145 4:51:39.7159 2.95984364602455 -6.2578345561116056 0.5900829896661053 57849.0
1207 0:30:27.42508145 4:51:39.7159 2.95984364602455 -6.2578345561116056 0.8515927172166227 57849.0
1208 0:30:27.42508145 4:51:39.7159 2.95984364602455 -6.1521722168243835 0.06706353456507053 57849.0
1209 0:30:27.42508145 4:51:39.7159 2.95984364602455 -6.1521722168243835 0.3285732621155879 57849.0
1210 0:30:27.42508145 4:51:39.7159 2.95984364602455 -6.1521722168243835 0.5900829896661053 57849.0
1211 0:30:27.42508145 4:51:39.7159 2.95984364602455 -6.1521722168243835 0.8515927172166227 57849.0
1212 0:30:27.42508145 4:51:39.7159 2.95984364602455 -6.1521722168243835 1.11310244476714 57849.0
1213 0:30:27.42508145 4:51:39.7159 2.95984364602455 -6.0465098775371615 0.06706353456507053 57849.0
1214 0:30:27.42508145 4:51:39.7159 2.95984364602455 -6.0465098775371615 0.3285732621155879 57849.0
1215 0:30:27.42508145 4:51:39.7159 2.95984364602455 -6.0465098775371615 0.5900829896661053 57849.0
1216 0:30:27.42508145 4:51:39.7159 2.95984364602455 -6.0465098775371615 0.8515927172166227 57849.0
1217 0:30:27.42508145 4:51:39.7159 2.95984364602455 -6.0465098775371615 1.11310244476714 57849.0
1218 0:30:27.42508145 4:51:39.7159 3.042303783374286 -6.2578345561116056 0.06706353456507053 57849.0
1219 0:30:27.42508145 4:51:39.7159 3.042303783374286 -6.2578345561116056 0.3285732621155879 57849.0
1220 0:30:27.42508145 4:51:39.7159 3.042303783374286 -6.2578345561116056 0.5900829896661053 57849.0
1221 0:30:27.42508145 4:51:39.7159 3.042303783374286 -6.2578345561116056 0.8515927172166227 57849.0
1222 0:30:27.42508145 4:51:39.7159 3.042303783374286 -6.1521722168243835 0.06706353456507053 57849.0
1223 0:30:27.42508145 4:51:39.7159 3.042303783374286 -6.1521722168243835 0.3285732621155879 57849.0
1224 0:30:27.42508145 4:51:39.7159 3.042303783374286 -6.1521722168243835 0.5900829896661053 57849.0
1225 0:30:27.42508145 4:51:39.7159 3.042303783374286 -6.1521722168243835 0.8515927172166227 57849.0
1226 0:30:27.42508145 4:51:39.7159 3.042303783374286 -6.1521722168243835 1.11310244476714 57849.0
1227 0:30:27.42508145 4:51:39.7159 3.042303783374286 -6.0465098775371615 0.06706353456507053 57849.0
1228 0:30:27.42508145 4:51:39.7159 3.042303783374286 -6.0465098775371615 0.3285732621155879 57849.0
1229 0:30:27.42508145 4:51:39.7159 3.042303783374286 -6.0465098775371615 0.5900829896661053 57849.0
1230 0:30:27.42508145 4:51:39.7159 3.042303783374286 -6.0465098775371615 0.8515927172166227 57849.0
1231 0:30:27.42508145 4:51:39.7159 3.042303783374286 -6.0465098775371615 1.11310244476714 57849.0
1232 0:30:27.42508145 4:51:39.7159 3.1247639207240216 -6.2578345561116056 0.06706353456507053 57849.0
1233 0:30:27.42508145 4:51:39.7159 3.1247639207240216 -6.2578345561116056 0.3285732621155879 57849.0
1234 0:30:27.42508145 4:51:39.7159 3.1247639207240216 -6.2578345561116056 0.5900829896661053 57849.0
1235 0:30:27.42508145 4:51:39.7159 3.1247639207240216 -6.2578345561116056 0.8515927172166227 57849.0
1236 0:30:27.42508145 4:51:39.7159 3.1247639207240216 -6.1521722168243835 0.06706353456507053 57849.0
1237 0:30:27.42508145 4:51:39.7159 3.1247639207240216 -6.1521722168243835 0.3285732621155879 57849.0
1238 0:30:27.42508145 4:51:39.7159 3.1247639207240216 -6.1521722168243835 0.5900829896661053 57849.0
1239 0:30:27.42508145 4:51:39.7159 3.1247639207240216 -6.1521722168243835 0.8515927172166227 57849.0
1240 0:30:27.42508145 4:51:39.7159 3.1247639207240216 -6.1521722168243835 1.11310244476714 57849.0
1241 0:30:27.42508145 4:51:39.7159 3.1247639207240216 -6.0465098775371615 0.06706353456507053 57849.0
1242 0:30:27.42508145 4:51:39.7159 3.1247639207240216 -6.0465098775371615 0.3285732621155879 57849.0
1243 0:30:27.42508145 4:51:39.7159 3.1247639207240216 -6.0465098775371615 0.5900829896661053 57849.0
1244 0:30:27.42508145 4:51:39.7159 3.1247639207240216 -6.0465098775371615 0.8515927172166227 57849.0
1245 0:30:27.42508145 4:51:39.7159 3.1247639207240216 -6.0465098775371615 1.11310244476714 57849.0
1246 0:30:27.42508145 4:51:39.7159 3.2072240580737574 -6.2578345561116056 0.06706353456507053 57849.0
1247 0:30:27.42508145 4:51:39.7159 3.2072240580737574 -6.2578345561116056 0.3285732621155879 57849.0
1248 0:30:27.42508145 4:51:39.7159 3.2072240580737574 -6.2578345561116056 0.5900829896661053 57849.0
1249 0:30:27.42508145 4:51:39.7159 3.2072240580737574 -6.2578345561116056 0.8515927172166227 57849.0
1250 0:30:27.42508145 4:51:39.7159 3.2072240580737574 -6.1521722168243835 0.06706353456507053 57849.0
1251 0:30:27.42508145 4:51:39.7159 3.2072240580737574 -6.1521722168243835 0.3285732621155879 57849.0
1252 0:30:27.42508145 4:51:39.7159 3.2072240580737574 -6.1521722168243835 0.5900829896661053 57849.0
1253 0:30:27.42508145 4:51:39.7159 3.2072240580737574 -6.1521722168243835 0.8515927172166227 57849.0
1254 0:30:27.42508145 4:51:39.7159 3.2072240580737574 -6.1521722168243835 1.11310244476714 57849.0
1255 0:30:27.42508145 4:51:39.7159 3.2072240580737574 -6.0465098775371615 0.06706353456507053 57849.0
1256 0:30:27.42508145 4:51:39.7159 3.2072240580737574 -6.0465098775371615 0.3285732621155879 57849.0
1257 0:30:27.42508145 4:51:39.7159 3.2072240580737574 -6.0465098775371615 0.5900829896661053 57849.0
1258 0:30:27.42508145 4:51:39.7159 3.2072240580737574 -6.0465098775371615 0.8515927172166227 57849.0
1259 0:30:27.42508145 4:51:39.7159 3.2072240580737574 -6.0465098775371615 1.11310244476714 57849.0
1260 0:30:27.42508145 4:51:39.7162 2.8773835086748143 -6.2578345561116056 0.06706353456507053 57849.0
1261 0:30:27.42508145 4:51:39.7162 2.8773835086748143 -6.2578345561116056 0.3285732621155879 57849.0
1262 0:30:27.42508145 4:51:39.7162 2.8773835086748143 -6.2578345561116056 0.5900829896661053 57849.0
1263 0:30:27.42508145 4:51:39.7162 2.8773835086748143 -6.2578345561116056 0.8515927172166227 57849.0
1264 0:30:27.42508145 4:51:39.7162 2.8773835086748143 -6.1521722168243835 0.06706353456507053 57849.0
1265 0:30:27.42508145 4:51:39.7162 2.8773835086748143 -6.1521722168243835 0.3285732621155879 57849.0
1266 0:30:27.42508145 4:51:39.7162 2.8773835086748143 -6.1521722168243835 0.5900829896661053 57849.0
1267 0:30:27.42508145 4:51:39.7162 2.8773835086748143 -6.1521722168243835 0.8515927172166227 57849.0
1268 0:30:27.42508145 4:51:39.7162 2.8773835086748143 -6.1521722168243835 1.11310244476714 57849.0
1269 0:30:27.42508145 4:51:39.7162 2.8773835086748143 -6.0465098775371615 0.06706353456507053 57849.0
1270 0:30:27.42508145 4:51:39.7162 2.8773835086748143 -6.0465098775371615 0.3285732621155879 57849.0
1271 0:30:27.42508145 4:51:39.7162 2.8773835086748143 -6.0465098775371615 0.5900829896661053 57849.0
1272 0:30:27.42508145 4:51:39.7162 2.8773835086748143 -6.0465098775371615 0.8515927172166227 57849.0
1273 0:30:27.42508145 4:51:39.7162 2.8773835086748143 -6.0465098775371615 1.11310244476714 57849.0
1274 0:30:27.42508145 4:51:39.7162 2.95984364602455 -6.2578345561116056 0.06706353456507053 57849.0
1275 0:30:27.42508145 4:51:39.7162 2.95984364602455 -6.2578345561116056 0.3285732621155879 57849.0
1276 0:30:27.42508145 4:51:39.7162 2.95984364602455 -6.2578345561116056 0.5900829896661053 57849.0
1277 0:30:27.42508145 4:51:39.7162 2.95984364602455 -6.2578345561116056 0.8515927172166227 57849.0
1278 0:30:27.42508145 4:51:39.7162 2.95984364602455 -6.1521722168243835 0.06706353456507053 57849.0
1279 0:30:27.42508145 4:51:39.7162 2.95984364602455 -6.1521722168243835 0.3285732621155879 57849.0
1280 0:30:27.42508145 4:51:39.7162 2.95984364602455 -6.1521722168243835 0.5900829896661053 57849.0
1281 0:30:27.42508145 4:51:39.7162 2.95984364602455 -6.1521722168243835 0.8515927172166227 57849.0
1282 0:30:27.42508145 4:51:39.7162 2.95984364602455 -6.1521722168243835 1.11310244476714 57849.0
1283 0:30:27.42508145 4:51:39.7162 2.95984364602455 -6.0465098775371615 0.06706353456507053 57849.0
1284 0:30:27.42508145 4:51:39.7162 2.95984364602455 -6.0465098775371615 0.3285732621155879 57849.0
1285 0:30:27.42508145 4:51:39.7162 2.95984364602455 -6.0465098775371615 0.5900829896661053 57849.0
1286 0:30:27.42508145 4:51:39.7162 2.95984364602455 -6.0465098775371615 0.8515927172166227 57849.0
1287 0:30:27.42508145 4:51:39.7162 2.95984364602455 -6.0465098775371615 1.11310244476714 57849.0
1288 0:30:27.42508145 4:51:39.7162 3.042303783374286 -6.2578345561116056 0.06706353456507053 57849.0
1289 0:30:27.42508145 4:51:39.7162 3.042303783374286 -6.2578345561116056 0.3285732621155879 57849.0
1290 0:30:27.42508145 4:51:39.7162 3.042303783374286 -6.2578345561116056 0.5900829896661053 57849.0
1291 0:30:27.42508145 4:51:39.7162 3.042303783374286 -6.2578345561116056 0.8515927172166227 57849.0
1292 0:30:27.42508145 4:51:39.7162 3.042303783374286 -6.1521722168243835 0.06706353456507053 57849.0
1293 0:30:27.42508145 4:51:39.7162 3.042303783374286 -6.1521722168243835 0.3285732621155879 57849.0
1294 0:30:27.42508145 4:51:39.7162 3.042303783374286 -6.1521722168243835 0.5900829896661053 57849.0
1295 0:30:27.42508145 4:51:39.7162 3.042303783374286 -6.1521722168243835 0.8515927172166227 57849.0
1296 0:30:27.42508145 4:51:39.7162 3.042303783374286 -6.1521722168243835 1.11310244476714 57849.0
1297 0:30:27.42508145 4:51:39.7162 3.042303783374286 -6.0465098775371615 0.06706353456507053 57849.0
1298 0:30:27.42508145 4:51:39.7162 3.042303783374286 -6.0465098775371615 0.3285732621155879 57849.0
1299 0:30:27.42508145 4:51:39.7162 3.042303783374286 -6.0465098775371615 0.5900829896661053 57849.0
1300 0:30:27.42508145 4:51:39.7162 3.042303783374286 -6.0465098775371615 0.8515927172166227 57849.0
1301 0:30:27.42508145 4:51:39.7162 3.042303783374286 -6.0465098775371615 1.11310244476714 57849.0
1302 0:30:27.42508145 4:51:39.7162 3.1247639207240216 -6.2578345561116056 0.06706353456507053 57849.0
1303 0:30:27.42508145 4:51:39.7162 3.1247639207240216 -6.2578345561116056 0.3285732621155879 57849.0
1304 0:30:27.42508145 4:51:39.7162 3.1247639207240216 -6.2578345561116056 0.5900829896661053 57849.0
1305 0:30:27.42508145 4:51:39.7162 3.1247639207240216 -6.2578345561116056 0.8515927172166227 57849.0
1306 0:30:27.42508145 4:51:39.7162 3.1247639207240216 -6.1521722168243835 0.06706353456507053 57849.0
1307 0:30:27.42508145 4:51:39.7162 3.1247639207240216 -6.1521722168243835 0.3285732621155879 57849.0
1308 0:30:27.42508145 4:51:39.7162 3.1247639207240216 -6.1521722168243835 0.5900829896661053 57849.0
1309 0:30:27.42508145 4:51:39.7162 3.1247639207240216 -6.1521722168243835 0.8515927172166227 57849.0
1310 0:30:27.42508145 4:51:39.7162 3.1247639207240216 -6.1521722168243835 1.11310244476714 57849.0
1311 0:30:27.42508145 4:51:39.7162 3.1247639207240216 -6.0465098775371615 0.06706353456507053 57849.0
1312 0:30:27.42508145 4:51:39.7162 3.1247639207240216 -6.0465098775371615 0.3285732621155879 57849.0
1313 0:30:27.42508145 4:51:39.7162 3.1247639207240216 -6.0465098775371615 0.5900829896661053 57849.0
1314 0:30:27.42508145 4:51:39.7162 3.1247639207240216 -6.0465098775371615 0.8515927172166227 57849.0
1315 0:30:27.42508145 4:51:39.7162 3.1247639207240216 -6.0465098775371615 1.11310244476714 57849.0
1316 0:30:27.42508145 4:51:39.7162 3.2072240580737574 -6.2578345561116056 0.06706353456507053 57849.0
1317 0:30:27.42508145 4:51:39.7162 3.2072240580737574 -6.2578345561116056 0.3285732621155879 57849.0
1318 0:30:27.42508145 4:51:39.7162 3.2072240580737574 -6.2578345561116056 0.5900829896661053 57849.0
1319 0:30:27.42508145 4:51:39.7162 3.2072240580737574 -6.2578345561116056 0.8515927172166227 57849.0
1320 0:30:27.42508145 4:51:39.7162 3.2072240580737574 -6.1521722168243835 0.06706353456507053 57849.0
1321 0:30:27.42508145 4:51:39.7162 3.2072240580737574 -6.1521722168243835 0.3285732621155879 57849.0
1322 0:30:27.42508145 4:51:39.7162 3.2072240580737574 -6.1521722168243835 0.5900829896661053 57849.0
1323 0:30:27.42508145 4:51:39.7162 3.2072240580737574 -6.1521722168243835 0.8515927172166227 57849.0
1324 0:30:27.42508145 4:51:39.7162 3.2072240580737574 -6.1521722168243835 1.11310244476714 57849.0
1325 0:30:27.42508145 4:51:39.7162 3.2072240580737574 -6.0465098775371615 0.06706353456507053 57849.0
1326 0:30:27.42508145 4:51:39.7162 3.2072240580737574 -6.0465098775371615 0.3285732621155879 57849.0
1327 0:30:27.42508145 4:51:39.7162 3.2072240580737574 -6.0465098775371615 0.5900829896661053 57849.0
1328 0:30:27.42508145 4:51:39.7162 3.2072240580737574 -6.0465098775371615 0.8515927172166227 57849.0
1329 0:30:27.42508145 4:51:39.7162 3.2072240580737574 -6.0465098775371615 1.11310244476714 57849.0
1330 0:30:27.42508145 4:51:39.7165 2.8773835086748143 -6.2578345561116056 0.06706353456507053 57849.0
1331 0:30:27.42508145 4:51:39.7165 2.8773835086748143 -6.2578345561116056 0.3285732621155879 57849.0
1332 0:30:27.42508145 4:51:39.7165 2.8773835086748143 -6.2578345561116056 0.5900829896661053 57849.0
1333 0:30:27.42508145 4:51:39.7165 2.8773835086748143 -6.2578345561116056 0.8515927172166227 57849.0
1334 0:30:27.42508145 4:51:39.7165 2.8773835086748143 -6.1521722168243835 0.06706353456507053 57849.0
1335 0:30:27.42508145 4:51:39.7165 2.8773835086748143 -6.1521722168243835 0.3285732621155879 57849.0
1336 0:30:27.42508145 4:51:39.7165 2.8773835086748143 -6.1521722168243835 0.5900829896661053 57849.0
1337 0:30:27.42508145 4:51:39.7165 2.8773835086748143 -6.1521722168243835 0.8515927172166227 57849.0
1338 0:30:27.42508145 4:51:39.7165 2.8773835086748143 -6.1521722168243835 1.11310244476714 57849.0
1339 0:30:27.42508145 4:51:39.7165 2.8773835086748143 -6.0465098775371615 0.06706353456507053 57849.0
1340 0:30:27.42508145 4:51:39.7165 2.8773835086748143 -6.0465098775371615 0.3285732621155879 57849.0
1341 0:30:27.42508145 4:51:39.7165 2.8773835086748143 -6.0465098775371615 0.5900829896661053 57849.0
1342 0:30:27.42508145 4:51:39.7165 2.8773835086748143 -6.0465098775371615 0.8515927172166227 57849.0
1343 0:30:27.42508145 4:51:39.7165 2.8773835086748143 -6.0465098775371615 1.11310244476714 57849.0
1344 0:30:27.42508145 4:51:39.7165 2.95984364602455 -6.2578345561116056 0.06706353456507053 57849.0
1345 0:30:27.42508145 4:51:39.7165 2.95984364602455 -6.2578345561116056 0.3285732621155879 57849.0
1346 0:30:27.42508145 4:51:39.7165 2.95984364602455 -6.2578345561116056 0.5900829896661053 57849.0
1347 0:30:27.42508145 4:51:39.7165 2.95984364602455 -6.2578345561116056 0.8515927172166227 57849.0
1348 0:30:27.42508145 4:51:39.7165 2.95984364602455 -6.1521722168243835 0.06706353456507053 57849.0
1349 0:30:27.42508145 4:51:39.7165 2.95984364602455 -6.1521722168243835 0.3285732621155879 57849.0
1350 0:30:27.42508145 4:51:39.7165 2.95984364602455 -6.1521722168243835 0.5900829896661053 57849.0
1351 0:30:27.42508145 4:51:39.7165 2.95984364602455 -6.1521722168243835 0.8515927172166227 57849.0
1352 0:30:27.42508145 4:51:39.7165 2.95984364602455 -6.1521722168243835 1.11310244476714 57849.0
1353 0:30:27.42508145 4:51:39.7165 2.95984364602455 -6.0465098775371615 0.06706353456507053 57849.0
1354 0:30:27.42508145 4:51:39.7165 2.95984364602455 -6.0465098775371615 0.3285732621155879 57849.0
1355 0:30:27.42508145 4:51:39.7165 2.95984364602455 -6.0465098775371615 0.5900829896661053 57849.0
1356 0:30:27.42508145 4:51:39.7165 2.95984364602455 -6.0465098775371615 0.8515927172166227 57849.0
1357 0:30:27.42508145 4:51:39.7165 2.95984364602455 -6.0465098775371615 1.11310244476714 57849.0
1358 0:30:27.42508145 4:51:39.7165 3.042303783374286 -6.2578345561116056 0.06706353456507053 57849.0
1359 0:30:27.42508145 4:51:39.7165 3.042303783374286 -6.2578345561116056 0.3285732621155879 57849.0
1360 0:30:27.42508145 4:51:39.7165 3.042303783374286 -6.2578345561116056 0.5900829896661053 57849.0
1361 0:30:27.42508145 4:51:39.7165 3.042303783374286 -6.2578345561116056 0.8515927172166227 57849.0
1362 0:30:27.42508145 4:51:39.7165 3.042303783374286 -6.1521722168243835 0.06706353456507053 57849.0
1363 0:30:27.42508145 4:51:39.7165 3.042303783374286 -6.1521722168243835 0.3285732621155879 57849.0
1364 0:30:27.42508145 4:51:39.7165 3.042303783374286 -6.1521722168243835 0.5900829896661053 57849.0
1365 0:30:27.42508145 4:51:39.7165 3.042303783374286 -6.1521722168243835 0.8515927172166227 57849.0
1366 0:30:27.42508145 4:51:39.7165 3.042303783374286 -6.1521722168243835 1.11310244476714 57849.0
1367 0:30:27.42508145 4:51:39.7165 3.042303783374286 -6.0465098775371615 0.06706353456507053 57849.0
1368 0:30:27.42508145 4:51:39.7165 3.042303783374286 -6.0465098775371615 0.3285732621155879 57849.0
1369 0:30:27.42508145 4:51:39.7165 3.042303783374286 -6.0465098775371615 0.5900829896661053 57849.0
1370 0:30:27.42508145 4:51:39.7165 3.042303783374286 -6.0465098775371615 0.8515927172166227 57849.0
1371 0:30:27.42508145 4:51:39.7165 3.042303783374286 -6.0465098775371615 1.11310244476714 57849.0
1372 0:30:27.42508145 4:51:39.7165 3.1247639207240216 -6.2578345561116056 0.06706353456507053 57849.0
1373 0:30:27.42508145 4:51:39.7165 3.1247639207240216 -6.2578345561116056 0.3285732621155879 57849.0
1374 0:30:27.42508145 4:51:39.7165 3.1247639207240216 -6.2578345561116056 0.5900829896661053 57849.0
1375 0:30:27.42508145 4:51:39.7165 3.1247639207240216 -6.2578345561116056 0.8515927172166227 57849.0
1376 0:30:27.42508145 4:51:39.7165 3.1247639207240216 -6.1521722168243835 0.06706353456507053 57849.0
1377 0:30:27.42508145 4:51:39.7165 3.1247639207240216 -6.1521722168243835 0.3285732621155879 57849.0
1378 0:30:27.42508145 4:51:39.7165 3.1247639207240216 -6.1521722168243835 0.5900829896661053 57849.0
1379 0:30:27.42508145 4:51:39.7165 3.1247639207240216 -6.1521722168243835 0.8515927172166227 57849.0
1380 0:30:27.42508145 4:51:39.7165 3.1247639207240216 -6.1521722168243835 1.11310244476714 57849.0
1381 0:30:27.42508145 4:51:39.7165 3.1247639207240216 -6.0465098775371615 0.06706353456507053 57849.0
1382 0:30:27.42508145 4:51:39.7165 3.1247639207240216 -6.0465098775371615 0.3285732621155879 57849.0
1383 0:30:27.42508145 4:51:39.7165 3.1247639207240216 -6.0465098775371615 0.5900829896661053 57849.0
1384 0:30:27.42508145 4:51:39.7165 3.1247639207240216 -6.0465098775371615 0.8515927172166227 57849.0
1385 0:30:27.42508145 4:51:39.7165 3.1247639207240216 -6.0465098775371615 1.11310244476714 57849.0
1386 0:30:27.42508145 4:51:39.7165 3.2072240580737574 -6.2578345561116056 0.06706353456507053 57849.0
1387 0:30:27.42508145 4:51:39.7165 3.2072240580737574 -6.2578345561116056 0.3285732621155879 57849.0
1388 0:30:27.42508145 4:51:39.7165 3.2072240580737574 -6.2578345561116056 0.5900829896661053 57849.0
1389 0:30:27.42508145 4:51:39.7165 3.2072240580737574 -6.2578345561116056 0.8515927172166227 57849.0
1390 0:30:27.42508145 4:51:39.7165 3.2072240580737574 -6.1521722168243835 0.06706353456507053 57849.0
1391 0:30:27.42508145 4:51:39.7165 3.2072240580737574 -6.1521722168243835 0.3285732621155879 57849.0
1392 0:30:27.42508145 4:51:39.7165 3.2072240580737574 -6.1521722168243835 0.5900829896661053 57849.0
1393 0:30:27.42508145 4:51:39.7165 3.2072240580737574 -6.1521722168243835 0.8515927172166227 57849.0
1394 0:30:27.42508145 4:51:39.7165 3.2072240580737574 -6.1521722168243835 1.11310244476714 57849.0
1395 0:30:27.42508145 4:51:39.7165 3.2072240580737574 -6.0465098775371615 0.06706353456507053 57849.0
1396 0:30:27.42508145 4:51:39.7165 3.2072240580737574 -6.0465098775371615 0.3285732621155879 57849.0
1397 0:30:27.42508145 4:51:39.7165 3.2072240580737574 -6.0465098775371615 0.5900829896661053 57849.0
1398 0:30:27.42508145 4:51:39.7165 3.2072240580737574 -6.0465098775371615 0.8515927172166227 57849.0
1399 0:30:27.42508145 4:51:39.7165 3.2072240580737574 -6.0465098775371615 1.11310244476714 57849.0
1400 0:30:27.42512704 4:51:39.7153 2.8773835086748143 -6.2578345561116056 0.06706353456507053 57849.0
1401 0:30:27.42512704 4:51:39.7153 2.8773835086748143 -6.2578345561116056 0.3285732621155879 57849.0
1402 0:30:27.42512704 4:51:39.7153 2.8773835086748143 -6.2578345561116056 0.5900829896661053 57849.0
1403 0:30:27.42512704 4:51:39.7153 2.8773835086748143 -6.2578345561116056 0.8515927172166227 57849.0
1404 0:30:27.42512704 4:51:39.7153 2.8773835086748143 -6.1521722168243835 0.06706353456507053 57849.0
1405 0:30:27.42512704 4:51:39.7153 2.8773835086748143 -6.1521722168243835 0.3285732621155879 57849.0
1406 0:30:27.42512704 4:51:39.7153 2.8773835086748143 -6.1521722168243835 0.5900829896661053 57849.0
1407 0:30:27.42512704 4:51:39.7153 2.8773835086748143 -6.1521722168243835 0.8515927172166227 57849.0
1408 0:30:27.42512704 4:51:39.7153 2.8773835086748143 -6.1521722168243835 1.11310244476714 57849.0
1409 0:30:27.42512704 4:51:39.7153 2.8773835086748143 -6.0465098775371615 0.06706353456507053 57849.0
1410 0:30:27.42512704 4:51:39.7153 2.8773835086748143 -6.0465098775371615 0.3285732621155879 57849.0
1411 0:30:27.42512704 4:51:39.7153 2.8773835086748143 -6.0465098775371615 0.5900829896661053 57849.0
1412 0:30:27.42512704 4:51:39.7153 2.8773835086748143 -6.0465098775371615 0.8515927172166227 57849.0
1413 0:30:27.42512704 4:51:39.7153 2.8773835086748143 -6.0465098775371615 1.11310244476714 57849.0
1414 0:30:27.42512704 4:51:39.7153 2.95984364602455 -6.2578345561116056 0.06706353456507053 57849.0
1415 0:30:27.42512704 4:51:39.7153 2.95984364602455 -6.2578345561116056 0.3285732621155879 57849.0
1416 0:30:27.42512704 4:51:39.7153 2.95984364602455 -6.2578345561116056 0.5900829896661053 57849.0
1417 0:30:27.42512704 4:51:39.7153 2.95984364602455 -6.2578345561116056 0.8515927172166227 57849.0
1418 0:30:27.42512704 4:51:39.7153 2.95984364602455 -6.1521722168243835 0.06706353456507053 57849.0
1419 0:30:27.42512704 4:51:39.7153 2.95984364602455 -6.1521722168243835 0.3285732621155879 57849.0
1420 0:30:27.42512704 4:51:39.7153 2.95984364602455 -6.1521722168243835 0.5900829896661053 57849.0
1421 0:30:27.42512704 4:51:39.7153 2.95984364602455 -6.1521722168243835 0.8515927172166227 57849.0
1422 0:30:27.42512704 4:51:39.7153 2.95984364602455 -6.1521722168243835 1.11310244476714 57849.0
1423 0:30:27.42512704 4:51:39.7153 2.95984364602455 -6.0465098775371615 0.06706353456507053 57849.0
1424 0:30:27.42512704 4:51:39.7153 2.95984364602455 -6.0465098775371615 0.3285732621155879 57849.0
1425 0:30:27.42512704 4:51:39.7153 2.95984364602455 -6.0465098775371615 0.5900829896661053 57849.0
1426 0:30:27.42512704 4:51:39.7153 2.95984364602455 -6.0465098775371615 0.8515927172166227 57849.0
1427 0:30:27.42512704 4:51:39.7153 2.95984364602455 -6.0465098775371615 1.11310244476714 57849.0
1428 0:30:27.42512704 4:51:39.7153 3.042303783374286 -6.2578345561116056 0.06706353456507053 57849.0
1429 0:30:27.42512704 4:51:39.7153 3.042303783374286 -6.2578345561116056 0.3285732621155879 57849.0
1430 0:30:27.42512704 4:51:39.7153 3.042303783374286 -6.2578345561116056 0.5900829896661053 57849.0
1431 0:30:27.42512704 4:51:39.7153 3.042303783374286 -6.2578345561116056 0.8515927172166227 57849.0
1432 0:30:27.42512704 4:51:39.7153 3.042303783374286 -6.1521722168243835 0.06706353456507053 57849.0
1433 0:30:27.42512704 4:51:39.7153 3.042303783374286 -6.1521722168243835 0.3285732621155879 57849.0
1434 0:30:27.42512704 4:51:39.7153 3.042303783374286 -6.1521722168243835 0.5900829896661053 57849.0
1435 0:30:27.42512704 4:51:39.7153 3.042303783374286 -6.1521722168243835 0.8515927172166227 57849.0
1436 0:30:27.42512704 4:51:39.7153 3.042303783374286 -6.1521722168243835 1.11310244476714 57849.0
1437 0:30:27.42512704 4:51:39.7153 3.042303783374286 -6.0465098775371615 0.06706353456507053 57849.0
1438 0:30:27.42512704 4:51:39.7153 3.042303783374286 -6.0465098775371615 0.3285732621155879 57849.0
1439 0:30:27.42512704 4:51:39.7153 3.042303783374286 -6.0465098775371615 0.5900829896661053 57849.0
1440 0:30:27.42512704 4:51:39.7153 3.042303783374286 -6.0465098775371615 0.8515927172166227 57849.0
1441 0:30:27.42512704 4:51:39.7153 3.042303783374286 -6.0465098775371615 1.11310244476714 57849.0
1442 0:30:27.42512704 4:51:39.7153 3.1247639207240216 -6.2578345561116056 0.06706353456507053 57849.0
1443 0:30:27.42512704 4:51:39.7153 3.1247639207240216 -6.2578345561116056 0.3285732621155879 57849.0
1444 0:30:27.42512704 4:51:39.7153 3.1247639207240216 -6.2578345561116056 0.5900829896661053 57849.0
1445 0:30:27.42512704 4:51:39.7153 3.1247639207240216 -6.2578345561116056 0.8515927172166227 57849.0
1446 0:30:27.42512704 4:51:39.7153 3.1247639207240216 -6.1521722168243835 0.06706353456507053 57849.0
1447 0:30:27.42512704 4:51:39.7153 3.1247639207240216 -6.1521722168243835 0.3285732621155879 57849.0
1448 0:30:27.42512704 4:51:39.7153 3.1247639207240216 -6.1521722168243835 0.5900829896661053 57849.0
1449 0:30:27.42512704 4:51:39.7153 3.1247639207240216 -6.1521722168243835 0.8515927172166227 57849.0
1450 0:30:27.42512704 4:51:39.7153 3.1247639207240216 -6.1521722168243835 1.11310244476714 57849.0
1451 0:30:27.42512704 4:51:39.7153 3.1247639207240216 -6.0465098775371615 0.06706353456507053 57849.0
1452 0:30:27.42512704 4:51:39.7153 3.1247639207240216 -6.0465098775371615 0.3285732621155879 57849.0
1453 0:30:27.42512704 4:51:39.7153 3.1247639207240216 -6.0465098775371615 0.5900829896661053 57849.0
1454 0:30:27.42512704 4:51:39.7153 3.1247639207240216 -6.0465098775371615 0.8515927172166227 57849.0
1455 0:30:27.42512704 4:51:39.7153 3.1247639207240216 -6.0465098775371615 1.11310244476714 57849.0
1456 0:30:27.42512704 4:51:39.7153 3.2072240580737574 -6.2578345561116056 0.06706353456507053 57849.0
1457 0:30:27.42512704 4:51:39.7153 3.2072240580737574 -6.2578345561116056 0.3285732621155879 57849.0
1458 0:30:27.42512704 4:51:39.7153 3.2072240580737574 -6.2578345561116056 0.5900829896661053 57849.0
1459 0:30:27.42512704 4:51:39.7153 3.2072240580737574 -6.2578345561116056 0.8515927172166227 57849.0
1460 0:30:27.42512704 4:51:39.7153 3.2072240580737574 -6.1521722168243835 0.06706353456507053 57849.0
1461 0:30:27.42512704 4:51:39.7153 3.2072240580737574 -6.1521722168243835 0.3285732621155879 57849.0
1462 0:30:27.42512704 4:51:39.7153 3.2072240580737574 -6.1521722168243835 0.5900829896661053 57849.0
1463 0:30:27.42512704 4:51:39.7153 3.2072240580737574 -6.1521722168243835 0.8515927172166227 57849.0
1464 0:30:27.42512704 4:51:39.7153 3.2072240580737574 -6.1521722168243835 1.11310244476714 57849.0
1465 0:30:27.42512704 4:51:39.7153 3.2072240580737574 -6.0465098775371615 0.06706353456507053 57849.0
1466 0:30:27.42512704 4:51:39.7153 3.2072240580737574 -6.0465098775371615 0.3285732621155879 57849.0
1467 0:30:27.42512704 4:51:39.7153 3.2072240580737574 -6.0465098775371615 0.5900829896661053 57849.0
1468 0:30:27.42512704 4:51:39.7153 3.2072240580737574 -6.0465098775371615 0.8515927172166227 57849.0
1469 0:30:27.42512704 4:51:39.7153 3.2072240580737574 -6.0465098775371615 1.11310244476714 57849.0
1470 0:30:27.42512704 4:51:39.7156 2.8773835086748143 -6.2578345561116056 0.06706353456507053 57849.0
1471 0:30:27.42512704 4:51:39.7156 2.8773835086748143 -6.2578345561116056 0.3285732621155879 57849.0
1472 0:30:27.42512704 4:51:39.7156 2.8773835086748143 -6.2578345561116056 0.5900829896661053 57849.0
1473 0:30:27.42512704 4:51:39.7156 2.8773835086748143 -6.2578345561116056 0.8515927172166227 57849.0
1474 0:30:27.42512704 4:51:39.7156 2.8773835086748143 -6.1521722168243835 0.06706353456507053 57849.0
1475 0:30:27.42512704 4:51:39.7156 2.8773835086748143 -6.1521722168243835 0.3285732621155879 57849.0
1476 0:30:27.42512704 4:51:39.7156 2.8773835086748143 -6.1521722168243835 0.5900829896661053 57849.0
1477 0:30:27.42512704 4:51:39.7156 2.8773835086748143 -6.1521722168243835 0.8515927172166227 57849.0
1478 0:30:27.42512704 4:51:39.7156 2.8773835086748143 -6.1521722168243835 1.11310244476714 57849.0
1479 0:30:27.42512704 4:51:39.7156 2.8773835086748143 -6.0465098775371615 0.06706353456507053 57849.0
1480 0:30:27.42512704 4:51:39.7156 2.8773835086748143 -6.0465098775371615 0.3285732621155879 57849.0
1481 0:30:27.42512704 4:51:39.7156 2.8773835086748143 -6.0465098775371615 0.5900829896661053 57849.0
1482 0:30:27.42512704 4:51:39.7156 2.8773835086748143 -6.0465098775371615 0.8515927172166227 57849.0
1483 0:30:27.42512704 4:51:39.7156 2.8773835086748143 -6.0465098775371615 1.11310244476714 57849.0
1484 0:30:27.42512704 4:51:39.7156 2.95984364602455 -6.2578345561116056 0.06706353456507053 57849.0
1485 0:30:27.42512704 4:51:39.7156 2.95984364602455 -6.2578345561116056 0.3285732621155879 57849.0
1486 0:30:27.42512704 4:51:39.7156 2.95984364602455 -6.2578345561116056 0.5900829896661053 57849.0
1487 0:30:27.42512704 4:51:39.7156 2.95984364602455 -6.2578345561116056 0.8515927172166227 57849.0
1488 0:30:27.42512704 4:51:39.7156 2.95984364602455 -6.1521722168243835 0.06706353456507053 57849.0
1489 0:30:27.42512704 4:51:39.7156 2.95984364602455 -6.1521722168243835 0.3285732621155879 57849.0
1490 0:30:27.42512704 4:51:39.7156 2.95984364602455 -6.1521722168243835 0.5900829896661053 57849.0
1491 0:30:27.42512704 4:51:39.7156 2.95984364602455 -6.1521722168243835 0.8515927172166227 57849.0
1492 0:30:27.42512704 4:51:39.7156 2.95984364602455 -6.1521722168243835 1.11310244476714 57849.0
1493 0:30:27.42512704 4:51:39.7156 2.95984364602455 -6.0465098775371615 0.06706353456507053 57849.0
1494 0:30:27.42512704 4:51:39.7156 2.95984364602455 -6.0465098775371615 0.3285732621155879 57849.0
1495 0:30:27.42512704 4:51:39.7156 2.95984364602455 -6.0465098775371615 0.5900829896661053 57849.0
1496 0:30:27.42512704 4:51:39.7156 2.95984364602455 -6.0465098775371615 0.8515927172166227 57849.0
1497 0:30:27.42512704 4:51:39.7156 2.95984364602455 -6.0465098775371615 1.11310244476714 57849.0
1498 0:30:27.42512704 4:51:39.7156 3.042303783374286 -6.2578345561116056 0.06706353456507053 57849.0
1499 0:30:27.42512704 4:51:39.7156 3.042303783374286 -6.2578345561116056 0.3285732621155879 57849.0
1500 0:30:27.42512704 4:51:39.7156 3.042303783374286 -6.2578345561116056 0.5900829896661053 57849.0
1501 0:30:27.42512704 4:51:39.7156 3.042303783374286 -6.2578345561116056 0.8515927172166227 57849.0
1502 0:30:27.42512704 4:51:39.7156 3.042303783374286 -6.1521722168243835 0.06706353456507053 57849.0
1503 0:30:27.42512704 4:51:39.7156 3.042303783374286 -6.1521722168243835 0.3285732621155879 57849.0
1504 0:30:27.42512704 4:51:39.7156 3.042303783374286 -6.1521722168243835 0.5900829896661053 57849.0
1505 0:30:27.42512704 4:51:39.7156 3.042303783374286 -6.1521722168243835 0.8515927172166227 57849.0
1506 0:30:27.42512704 4:51:39.7156 3.042303783374286 -6.1521722168243835 1.11310244476714 57849.0
1507 0:30:27.42512704 4:51:39.7156 3.042303783374286 -6.0465098775371615 0.06706353456507053 57849.0
1508 0:30:27.42512704 4:51:39.7156 3.042303783374286 -6.0465098775371615 0.3285732621155879 57849.0
1509 0:30:27.42512704 4:51:39.7156 3.042303783374286 -6.0465098775371615 0.5900829896661053 57849.0
1510 0:30:27.42512704 4:51:39.7156 3.042303783374286 -6.0465098775371615 0.8515927172166227 57849.0
1511 0:30:27.42512704 4:51:39.7156 3.042303783374286 -6.0465098775371615 1.11310244476714 57849.0
1512 0:30:27.42512704 4:51:39.7156 3.1247639207240216 -6.2578345561116056 0.06706353456507053 57849.0
1513 0:30:27.42512704 4:51:39.7156 3.1247639207240216 -6.2578345561116056 0.3285732621155879 57849.0
1514 0:30:27.42512704 4:51:39.7156 3.1247639207240216 -6.2578345561116056 0.5900829896661053 57849.0
1515 0:30:27.42512704 4:51:39.7156 3.1247639207240216 -6.2578345561116056 0.8515927172166227 57849.0
1516 0:30:27.42512704 4:51:39.7156 3.1247639207240216 -6.1521722168243835 0.06706353456507053 57849.0
1517 0:30:27.42512704 4:51:39.7156 3.1247639207240216 -6.1521722168243835 0.3285732621155879 57849.0
1518 0:30:27.42512704 4:51:39.7156 3.1247639207240216 -6.1521722168243835 0.5900829896661053 57849.0
1519 0:30:27.42512704 4:51:39.7156 3.1247639207240216 -6.1521722168243835 0.8515927172166227 57849.0
1520 0:30:27.42512704 4:51:39.7156 3.1247639207240216 -6.1521722168243835 1.11310244476714 57849.0
1521 0:30:27.42512704 4:51:39.7156 3.1247639207240216 -6.0465098775371615 0.06706353456507053 57849.0
1522 0:30:27.42512704 4:51:39.7156 3.1247639207240216 -6.0465098775371615 0.3285732621155879 57849.0
1523 0:30:27.42512704 4:51:39.7156 3.1247639207240216 -6.0465098775371615 0.5900829896661053 57849.0
1524 0:30:27.42512704 4:51:39.7156 3.1247639207240216 -6.0465098775371615 0.8515927172166227 57849.0
1525 0:30:27.42512704 4:51:39.7156 3.1247639207240216 -6.0465098775371615 1.11310244476714 57849.0
1526 0:30:27.42512704 4:51:39.7156 3.2072240580737574 -6.2578345561116056 0.06706353456507053 57849.0
1527 0:30:27.42512704 4:51:39.7156 3.2072240580737574 -6.2578345561116056 0.3285732621155879 57849.0
1528 0:30:27.42512704 4:51:39.7156 3.2072240580737574 -6.2578345561116056 0.5900829896661053 57849.0
1529 0:30:27.42512704 4:51:39.7156 3.2072240580737574 -6.2578345561116056 0.8515927172166227 57849.0
1530 0:30:27.42512704 4:51:39.7156 3.2072240580737574 -6.1521722168243835 0.06706353456507053 57849.0
1531 0:30:27.42512704 4:51:39.7156 3.2072240580737574 -6.1521722168243835 0.3285732621155879 57849.0
1532 0:30:27.42512704 4:51:39.7156 3.2072240580737574 -6.1521722168243835 0.5900829896661053 57849.0
1533 0:30:27.42512704 4:51:39.7156 3.2072240580737574 -6.1521722168243835 0.8515927172166227 57849.0
1534 0:30:27.42512704 4:51:39.7156 3.2072240580737574 -6.1521722168243835 1.11310244476714 57849.0
1535 0:30:27.42512704 4:51:39.7156 3.2072240580737574 -6.0465098775371615 0.06706353456507053 57849.0
1536 0:30:27.42512704 4:51:39.7156 3.2072240580737574 -6.0465098775371615 0.3285732621155879 57849.0
1537 0:30:27.42512704 4:51:39.7156 3.2072240580737574 -6.0465098775371615 0.5900829896661053 57849.0
1538 0:30:27.42512704 4:51:39.7156 3.2072240580737574 -6.0465098775371615 0.8515927172166227 57849.0
1539 0:30:27.42512704 4:51:39.7156 3.2072240580737574 -6.0465098775371615 1.11310244476714 57849.0
1540 0:30:27.42512704 4:51:39.7159 2.8773835086748143 -6.2578345561116056 0.06706353456507053 57849.0
1541 0:30:27.42512704 4:51:39.7159 2.8773835086748143 -6.2578345561116056 0.3285732621155879 57849.0
1542 0:30:27.42512704 4:51:39.7159 2.8773835086748143 -6.2578345561116056 0.5900829896661053 57849.0
1543 0:30:27.42512704 4:51:39.7159 2.8773835086748143 -6.2578345561116056 0.8515927172166227 57849.0
1544 0:30:27.42512704 4:51:39.7159 2.8773835086748143 -6.1521722168243835 0.06706353456507053 57849.0
1545 0:30:27.42512704 4:51:39.7159 2.8773835086748143 -6.1521722168243835 0.3285732621155879 57849.0
1546 0:30:27.42512704 4:51:39.7159 2.8773835086748143 -6.1521722168243835 0.5900829896661053 57849.0
1547 0:30:27.42512704 4:51:39.7159 2.8773835086748143 -6.1521722168243835 0.8515927172166227 57849.0
1548 0:30:27.42512704 4:51:39.7159 2.8773835086748143 -6.1521722168243835 1.11310244476714 57849.0
1549 0:30:27.42512704 4:51:39.7159 2.8773835086748143 -6.0465098775371615 0.06706353456507053 57849.0
1550 0:30:27.42512704 4:51:39.7159 2.8773835086748143 -6.0465098775371615 0.3285732621155879 57849.0
1551 0:30:27.42512704 4:51:39.7159 2.8773835086748143 -6.0465098775371615 0.5900829896661053 57849.0
1552 0:30:27.42512704 4:51:39.7159 2.8773835086748143 -6.0465098775371615 0.8515927172166227 57849.0
1553 0:30:27.42512704 4:51:39.7159 2.8773835086748143 -6.0465098775371615 1.11310244476714 57849.0
1554 0:30:27.42512704 4:51:39.7159 2.95984364602455 -6.2578345561116056 0.06706353456507053 57849.0
1555 0:30:27.42512704 4:51:39.7159 2.95984364602455 -6.2578345561116056 0.3285732621155879 57849.0
1556 0:30:27.42512704 4:51:39.7159 2.95984364602455 -6.2578345561116056 0.5900829896661053 57849.0
1557 0:30:27.42512704 4:51:39.7159 2.95984364602455 -6.2578345561116056 0.8515927172166227 57849.0
1558 0:30:27.42512704 4:51:39.7159 2.95984364602455 -6.1521722168243835 0.06706353456507053 57849.0
1559 0:30:27.42512704 4:51:39.7159 2.95984364602455 -6.1521722168243835 0.3285732621155879 57849.0
1560 0:30:27.42512704 4:51:39.7159 2.95984364602455 -6.1521722168243835 0.5900829896661053 57849.0
1561 0:30:27.42512704 4:51:39.7159 2.95984364602455 -6.1521722168243835 0.8515927172166227 57849.0
1562 0:30:27.42512704 4:51:39.7159 2.95984364602455 -6.1521722168243835 1.11310244476714 57849.0
1563 0:30:27.42512704 4:51:39.7159 2.95984364602455 -6.0465098775371615 0.06706353456507053 57849.0
1564 0:30:27.42512704 4:51:39.7159 2.95984364602455 -6.0465098775371615 0.3285732621155879 57849.0
1565 0:30:27.42512704 4:51:39.7159 2.95984364602455 -6.0465098775371615 0.5900829896661053 57849.0
1566 0:30:27.42512704 4:51:39.7159 2.95984364602455 -6.0465098775371615 0.8515927172166227 57849.0
1567 0:30:27.42512704 4:51:39.7159 2.95984364602455 -6.0465098775371615 1.11310244476714 57849.0
1568 0:30:27.42512704 4:51:39.7159 3.042303783374286 -6.2578345561116056 0.06706353456507053 57849.0
1569 0:30:27.42512704 4:51:39.7159 3.042303783374286 -6.2578345561116056 0.3285732621155879 57849.0
1570 0:30:27.42512704 4:51:39.7159 3.042303783374286 -6.2578345561116056 0.5900829896661053 57849.0
1571 0:30:27.42512704 4:51:39.7159 3.042303783374286 -6.2578345561116056 0.8515927172166227 57849.0
1572 0:30:27.42512704 4:51:39.7159 3.042303783374286 -6.1521722168243835 0.06706353456507053 57849.0
1573 0:30:27.42512704 4:51:39.7159 3.042303783374286 -6.1521722168243835 0.3285732621155879 57849.0
1574 0:30:27.42512704 4:51:39.7159 3.042303783374286 -6.1521722168243835 0.5900829896661053 57849.0
1575 0:30:27.42512704 4:51:39.7159 3.042303783374286 -6.1521722168243835 0.8515927172166227 57849.0
1576 0:30:27.42512704 4:51:39.7159 3.042303783374286 -6.1521722168243835 1.11310244476714 57849.0
1577 0:30:27.42512704 4:51:39.7159 3.042303783374286 -6.0465098775371615 0.06706353456507053 57849.0
1578 0:30:27.42512704 4:51:39.7159 3.042303783374286 -6.0465098775371615 0.3285732621155879 57849.0
1579 0:30:27.42512704 4:51:39.7159 3.042303783374286 -6.0465098775371615 0.5900829896661053 57849.0
1580 0:30:27.42512704 4:51:39.7159 3.042303783374286 -6.0465098775371615 0.8515927172166227 57849.0
1581 0:30:27.42512704 4:51:39.7159 3.042303783374286 -6.0465098775371615 1.11310244476714 57849.0
1582 0:30:27.42512704 4:51:39.7159 3.1247639207240216 -6.2578345561116056 0.06706353456507053 57849.0
1583 0:30:27.42512704 4:51:39.7159 3.1247639207240216 -6.2578345561116056 0.3285732621155879 57849.0
1584 0:30:27.42512704 4:51:39.7159 3.1247639207240216 -6.2578345561116056 0.5900829896661053 57849.0
1585 0:30:27.42512704 4:51:39.7159 3.1247639207240216 -6.2578345561116056 0.8515927172166227 57849.0
1586 0:30:27.42512704 4:51:39.7159 3.1247639207240216 -6.1521722168243835 0.06706353456507053 57849.0
1587 0:30:27.42512704 4:51:39.7159 3.1247639207240216 -6.1521722168243835 0.3285732621155879 57849.0
1588 0:30:27.42512704 4:51:39.7159 3.1247639207240216 -6.1521722168243835 0.5900829896661053 57849.0
1589 0:30:27.42512704 4:51:39.7159 3.1247639207240216 -6.1521722168243835 0.8515927172166227 57849.0
1590 0:30:27.42512704 4:51:39.7159 3.1247639207240216 -6.1521722168243835 1.11310244476714 57849.0
1591 0:30:27.42512704 4:51:39.7159 3.1247639207240216 -6.0465098775371615 0.06706353456507053 57849.0
1592 0:30:27.42512704 4:51:39.7159 3.1247639207240216 -6.0465098775371615 0.3285732621155879 57849.0
1593 0:30:27.42512704 4:51:39.7159 3.1247639207240216 -6.0465098775371615 0.5900829896661053 57849.0
1594 0:30:27.42512704 4:51:39.7159 3.1247639207240216 -6.0465098775371615 0.8515927172166227 57849.0
1595 0:30:27.42512704 4:51:39.7159 3.1247639207240216 -6.0465098775371615 1.11310244476714 57849.0
1596 0:30:27.42512704 4:51:39.7159 3.2072240580737574 -6.2578345561116056 0.06706353456507053 57849.0
1597 0:30:27.42512704 4:51:39.7159 3.2072240580737574 -6.2578345561116056 0.3285732621155879 57849.0
1598 0:30:27.42512704 4:51:39.7159 3.2072240580737574 -6.2578345561116056 0.5900829896661053 57849.0
1599 0:30:27.42512704 4:51:39.7159 3.2072240580737574 -6.2578345561116056 0.8515927172166227 57849.0
1600 0:30:27.42512704 4:51:39.7159 3.2072240580737574 -6.1521722168243835 0.06706353456507053 57849.0
1601 0:30:27.42512704 4:51:39.7159 3.2072240580737574 -6.1521722168243835 0.3285732621155879 57849.0
1602 0:30:27.42512704 4:51:39.7159 3.2072240580737574 -6.1521722168243835 0.5900829896661053 57849.0
1603 0:30:27.42512704 4:51:39.7159 3.2072240580737574 -6.1521722168243835 0.8515927172166227 57849.0
1604 0:30:27.42512704 4:51:39.7159 3.2072240580737574 -6.1521722168243835 1.11310244476714 57849.0
1605 0:30:27.42512704 4:51:39.7159 3.2072240580737574 -6.0465098775371615 0.06706353456507053 57849.0
1606 0:30:27.42512704 4:51:39.7159 3.2072240580737574 -6.0465098775371615 0.3285732621155879 57849.0
1607 0:30:27.42512704 4:51:39.7159 3.2072240580737574 -6.0465098775371615 0.5900829896661053 57849.0
1608 0:30:27.42512704 4:51:39.7159 3.2072240580737574 -6.0465098775371615 0.8515927172166227 57849.0
1609 0:30:27.42512704 4:51:39.7159 3.2072240580737574 -6.0465098775371615 1.11310244476714 57849.0
1610 0:30:27.42512704 4:51:39.7162 2.8773835086748143 -6.2578345561116056 0.06706353456507053 57849.0
1611 0:30:27.42512704 4:51:39.7162 2.8773835086748143 -6.2578345561116056 0.3285732621155879 57849.0
1612 0:30:27.42512704 4:51:39.7162 2.8773835086748143 -6.2578345561116056 0.5900829896661053 57849.0
1613 0:30:27.42512704 4:51:39.7162 2.8773835086748143 -6.2578345561116056 0.8515927172166227 57849.0
1614 0:30:27.42512704 4:51:39.7162 2.8773835086748143 -6.1521722168243835 0.06706353456507053 57849.0
1615 0:30:27.42512704 4:51:39.7162 2.8773835086748143 -6.1521722168243835 0.3285732621155879 57849.0
1616 0:30:27.42512704 4:51:39.7162 2.8773835086748143 -6.1521722168243835 0.5900829896661053 57849.0
1617 0:30:27.42512704 4:51:39.7162 2.8773835086748143 -6.1521722168243835 0.8515927172166227 57849.0
1618 0:30:27.42512704 4:51:39.7162 2.8773835086748143 -6.1521722168243835 1.11310244476714 57849.0
1619 0:30:27.42512704 4:51:39.7162 2.8773835086748143 -6.0465098775371615 0.06706353456507053 57849.0
1620 0:30:27.42512704 4:51:39.7162 2.8773835086748143 -6.0465098775371615 0.3285732621155879 57849.0
1621 0:30:27.42512704 4:51:39.7162 2.8773835086748143 -6.0465098775371615 0.5900829896661053 57849.0
1622 0:30:27.42512704 4:51:39.7162 2.8773835086748143 -6.0465098775371615 0.8515927172166227 57849.0
1623 0:30:27.42512704 4:51:39.7162 2.8773835086748143 -6.0465098775371615 1.11310244476714 57849.0
1624 0:30:27.42512704 4:51:39.7162 2.95984364602455 -6.2578345561116056 0.06706353456507053 57849.0
1625 0:30:27.42512704 4:51:39.7162 2.95984364602455 -6.2578345561116056 0.3285732621155879 57849.0
1626 0:30:27.42512704 4:51:39.7162 2.95984364602455 -6.2578345561116056 0.5900829896661053 57849.0
1627 0:30:27.42512704 4:51:39.7162 2.95984364602455 -6.2578345561116056 0.8515927172166227 57849.0
1628 0:30:27.42512704 4:51:39.7162 2.95984364602455 -6.1521722168243835 0.06706353456507053 57849.0
1629 0:30:27.42512704 4:51:39.7162 2.95984364602455 -6.1521722168243835 0.3285732621155879 57849.0
1630 0:30:27.42512704 4:51:39.7162 2.95984364602455 -6.1521722168243835 0.5900829896661053 57849.0
1631 0:30:27.42512704 4:51:39.7162 2.95984364602455 -6.1521722168243835 0.8515927172166227 57849.0
1632 0:30:27.42512704 4:51:39.7162 2.95984364602455 -6.1521722168243835 1.11310244476714 57849.0
1633 0:30:27.42512704 4:51:39.7162 2.95984364602455 -6.0465098775371615 0.06706353456507053 57849.0
1634 0:30:27.42512704 4:51:39.7162 2.95984364602455 -6.0465098775371615 0.3285732621155879 57849.0
1635 0:30:27.42512704 4:51:39.7162 2.95984364602455 -6.0465098775371615 0.5900829896661053 57849.0
1636 0:30:27.42512704 4:51:39.7162 2.95984364602455 -6.0465098775371615 0.8515927172166227 57849.0
1637 0:30:27.42512704 4:51:39.7162 2.95984364602455 -6.0465098775371615 1.11310244476714 57849.0
1638 0:30:27.42512704 4:51:39.7162 3.042303783374286 -6.2578345561116056 0.06706353456507053 57849.0
1639 0:30:27.42512704 4:51:39.7162 3.042303783374286 -6.2578345561116056 0.3285732621155879 57849.0
1640 0:30:27.42512704 4:51:39.7162 3.042303783374286 -6.2578345561116056 0.5900829896661053 57849.0
1641 0:30:27.42512704 4:51:39.7162 3.042303783374286 -6.2578345561116056 0.8515927172166227 57849.0
1642 0:30:27.42512704 4:51:39.7162 3.042303783374286 -6.1521722168243835 0.06706353456507053 57849.0
1643 0:30:27.42512704 4:51:39.7162 3.042303783374286 -6.1521722168243835 0.3285732621155879 57849.0
1644 0:30:27.42512704 4:51:39.7162 3.042303783374286 -6.1521722168243835 0.5900829896661053 57849.0
1645 0:30:27.42512704 4:51:39.7162 3.042303783374286 -6.1521722168243835 0.8515927172166227 57849.0
1646 0:30:27.42512704 4:51:39.7162 3.042303783374286 -6.1521722168243835 1.11310244476714 57849.0
1647 0:30:27.42512704 4:51:39.7162 3.042303783374286 -6.0465098775371615 0.06706353456507053 57849.0
1648 0:30:27.42512704 4:51:39.7162 3.042303783374286 -6.0465098775371615 0.3285732621155879 57849.0
1649 0:30:27.42512704 4:51:39.7162 3.042303783374286 -6.0465098775371615 0.5900829896661053 57849.0
1650 0:30:27.42512704 4:51:39.7162 3.042303783374286 -6.0465098775371615 0.8515927172166227 57849.0
1651 0:30:27.42512704 4:51:39.7162 3.042303783374286 -6.0465098775371615 1.11310244476714 57849.0
1652 0:30:27.42512704 4:51:39.7162 3.1247639207240216 -6.2578345561116056 0.06706353456507053 57849.0
1653 0:30:27.42512704 4:51:39.7162 3.1247639207240216 -6.2578345561116056 0.3285732621155879 57849.0
1654 0:30:27.42512704 4:51:39.7162 3.1247639207240216 -6.2578345561116056 0.5900829896661053 57849.0
1655 0:30:27.42512704 4:51:39.7162 3.1247639207240216 -6.2578345561116056 0.8515927172166227 57849.0
1656 0:30:27.42512704 4:51:39.7162 3.1247639207240216 -6.1521722168243835 0.06706353456507053 57849.0
1657 0:30:27.42512704 4:51:39.7162 3.1247639207240216 -6.1521722168243835 0.3285732621155879 57849.0
1658 0:30:27.42512704 4:51:39.7162 3.1247639207240216 -6.1521722168243835 0.5900829896661053 57849.0
1659 0:30:27.42512704 4:51:39.7162 3.1247639207240216 -6.1521722168243835 0.8515927172166227 57849.0
1660 0:30:27.42512704 4:51:39.7162 3.1247639207240216 -6.1521722168243835 1.11310244476714 57849.0
1661 0:30:27.42512704 4:51:39.7162 3.1247639207240216 -6.0465098775371615 0.06706353456507053 57849.0
1662 0:30:27.42512704 4:51:39.7162 3.1247639207240216 -6.0465098775371615 0.3285732621155879 57849.0
1663 0:30:27.42512704 4:51:39.7162 3.1247639207240216 -6.0465098775371615 0.5900829896661053 57849.0
1664 0:30:27.42512704 4:51:39.7162 3.1247639207240216 -6.0465098775371615 0.8515927172166227 57849.0
1665 0:30:27.42512704 4:51:39.7162 3.1247639207240216 -6.0465098775371615 1.11310244476714 57849.0
1666 0:30:27.42512704 4:51:39.7162 3.2072240580737574 -6.2578345561116056 0.06706353456507053 57849.0
1667 0:30:27.42512704 4:51:39.7162 3.2072240580737574 -6.2578345561116056 0.3285732621155879 57849.0
1668 0:30:27.42512704 4:51:39.7162 3.2072240580737574 -6.2578345561116056 0.5900829896661053 57849.0
1669 0:30:27.42512704 4:51:39.7162 3.2072240580737574 -6.2578345561116056 0.8515927172166227 57849.0
1670 0:30:27.42512704 4:51:39.7162 3.2072240580737574 -6.1521722168243835 0.06706353456507053 57849.0
1671 0:30:27.42512704 4:51:39.7162 3.2072240580737574 -6.1521722168243835 0.3285732621155879 57849.0
1672 0:30:27.42512704 4:51:39.7162 3.2072240580737574 -6.1521722168243835 0.5900829896661053 57849.0
1673 0:30:27.42512704 4:51:39.7162 3.2072240580737574 -6.1521722168243835 0.8515927172166227 57849.0
1674 0:30:27.42512704 4:51:39.7162 3.2072240580737574 -6.1521722168243835 1.11310244476714 57849.0
1675 0:30:27.42512704 4:51:39.7162 3.2072240580737574 -6.0465098775371615 0.06706353456507053 57849.0
1676 0:30:27.42512704 4:51:39.7162 3.2072240580737574 -6.0465098775371615 0.3285732621155879 57849.0
1677 0:30:27.42512704 4:51:39.7162 3.2072240580737574 -6.0465098775371615 0.5900829896661053 57849.0
1678 0:30:27.42512704 4:51:39.7162 3.2072240580737574 -6.0465098775371615 0.8515927172166227 57849.0
1679 0:30:27.42512704 4:51:39.7162 3.2072240580737574 -6.0465098775371615 1.11310244476714 57849.0
1680 0:30:27.42512704 4:51:39.7165 2.8773835086748143 -6.2578345561116056 0.06706353456507053 57849.0
1681 0:30:27.42512704 4:51:39.7165 2.8773835086748143 -6.2578345561116056 0.3285732621155879 57849.0
1682 0:30:27.42512704 4:51:39.7165 2.8773835086748143 -6.2578345561116056 0.5900829896661053 57849.0
1683 0:30:27.42512704 4:51:39.7165 2.8773835086748143 -6.2578345561116056 0.8515927172166227 57849.0
1684 0:30:27.42512704 4:51:39.7165 2.8773835086748143 -6.1521722168243835 0.06706353456507053 57849.0
1685 0:30:27.42512704 4:51:39.7165 2.8773835086748143 -6.1521722168243835 0.3285732621155879 57849.0
1686 0:30:27.42512704 4:51:39.7165 2.8773835086748143 -6.1521722168243835 0.5900829896661053 57849.0
1687 0:30:27.42512704 4:51:39.7165 2.8773835086748143 -6.1521722168243835 0.8515927172166227 57849.0
1688 0:30:27.42512704 4:51:39.7165 2.8773835086748143 -6.1521722168243835 1.11310244476714 57849.0
1689 0:30:27.42512704 4:51:39.7165 2.8773835086748143 -6.0465098775371615 0.06706353456507053 57849.0
1690 0:30:27.42512704 4:51:39.7165 2.8773835086748143 -6.0465098775371615 0.3285732621155879 57849.0
1691 0:30:27.42512704 4:51:39.7165 2.8773835086748143 -6.0465098775371615 0.5900829896661053 57849.0
1692 0:30:27.42512704 4:51:39.7165 2.8773835086748143 -6.0465098775371615 0.8515927172166227 57849.0
1693 0:30:27.42512704 4:51:39.7165 2.8773835086748143 -6.0465098775371615 1.11310244476714 57849.0
1694 0:30:27.42512704 4:51:39.7165 2.95984364602455 -6.2578345561116056 0.06706353456507053 57849.0
1695 0:30:27.42512704 4:51:39.7165 2.95984364602455 -6.2578345561116056 0.3285732621155879 57849.0
1696 0:30:27.42512704 4:51:39.7165 2.95984364602455 -6.2578345561116056 0.5900829896661053 57849.0
1697 0:30:27.42512704 4:51:39.7165 2.95984364602455 -6.2578345561116056 0.8515927172166227 57849.0
1698 0:30:27.42512704 4:51:39.7165 2.95984364602455 -6.1521722168243835 0.06706353456507053 57849.0
1699 0:30:27.42512704 4:51:39.7165 2.95984364602455 -6.1521722168243835 0.3285732621155879 57849.0
1700 0:30:27.42512704 4:51:39.7165 2.95984364602455 -6.1521722168243835 0.5900829896661053 57849.0
1701 0:30:27.42512704 4:51:39.7165 2.95984364602455 -6.1521722168243835 0.8515927172166227 57849.0
1702 0:30:27.42512704 4:51:39.7165 2.95984364602455 -6.1521722168243835 1.11310244476714 57849.0
1703 0:30:27.42512704 4:51:39.7165 2.95984364602455 -6.0465098775371615 0.06706353456507053 57849.0
1704 0:30:27.42512704 4:51:39.7165 2.95984364602455 -6.0465098775371615 0.3285732621155879 57849.0
1705 0:30:27.42512704 4:51:39.7165 2.95984364602455 -6.0465098775371615 0.5900829896661053 57849.0
1706 0:30:27.42512704 4:51:39.7165 2.95984364602455 -6.0465098775371615 0.8515927172166227 57849.0
1707 0:30:27.42512704 4:51:39.7165 2.95984364602455 -6.0465098775371615 1.11310244476714 57849.0
1708 0:30:27.42512704 4:51:39.7165 3.042303783374286 -6.2578345561116056 0.06706353456507053 57849.0
1709 0:30:27.42512704 4:51:39.7165 3.042303783374286 -6.2578345561116056 0.3285732621155879 57849.0
1710 0:30:27.42512704 4:51:39.7165 3.042303783374286 -6.2578345561116056 0.5900829896661053 57849.0
1711 0:30:27.42512704 4:51:39.7165 3.042303783374286 -6.2578345561116056 0.8515927172166227 57849.0
1712 0:30:27.42512704 4:51:39.7165 3.042303783374286 -6.1521722168243835 0.06706353456507053 57849.0
1713 0:30:27.42512704 4:51:39.7165 3.042303783374286 -6.1521722168243835 0.3285732621155879 57849.0
1714 0:30:27.42512704 4:51:39.7165 3.042303783374286 -6.1521722168243835 0.5900829896661053 57849.0
1715 0:30:27.42512704 4:51:39.7165 3.042303783374286 -6.1521722168243835 0.8515927172166227 57849.0
1716 0:30:27.42512704 4:51:39.7165 3.042303783374286 -6.1521722168243835 1.11310244476714 57849.0
1717 0:30:27.42512704 4:51:39.7165 3.042303783374286 -6.0465098775371615 0.06706353456507053 57849.0
1718 0:30:27.42512704 4:51:39.7165 3.042303783374286 -6.0465098775371615 0.3285732621155879 57849.0
1719 0:30:27.42512704 4:51:39.7165 3.042303783374286 -6.0465098775371615 0.5900829896661053 57849.0
1720 0:30:27.42512704 4:51:39.7165 3.042303783374286 -6.0465098775371615 0.8515927172166227 57849.0
1721 0:30:27.42512704 4:51:39.7165 3.042303783374286 -6.0465098775371615 1.11310244476714 57849.0
1722 0:30:27.42512704 4:51:39.7165 3.1247639207240216 -6.2578345561116056 0.06706353456507053 57849.0
1723 0:30:27.42512704 4:51:39.7165 3.1247639207240216 -6.2578345561116056 0.3285732621155879 57849.0
1724 0:30:27.42512704 4:51:39.7165 3.1247639207240216 -6.2578345561116056 0.5900829896661053 57849.0
1725 0:30:27.42512704 4:51:39.7165 3.1247639207240216 -6.2578345561116056 0.8515927172166227 57849.0
1726 0:30:27.42512704 4:51:39.7165 3.1247639207240216 -6.1521722168243835 0.06706353456507053 57849.0
1727 0:30:27.42512704 4:51:39.7165 3.1247639207240216 -6.1521722168243835 0.3285732621155879 57849.0
1728 0:30:27.42512704 4:51:39.7165 3.1247639207240216 -6.1521722168243835 0.5900829896661053 57849.0
1729 0:30:27.42512704 4:51:39.7165 3.1247639207240216 -6.1521722168243835 0.8515927172166227 57849.0
1730 0:30:27.42512704 4:51:39.7165 3.1247639207240216 -6.1521722168243835 1.11310244476714 57849.0
1731 0:30:27.42512704 4:51:39.7165 3.1247639207240216 -6.0465098775371615 0.06706353456507053 57849.0
1732 0:30:27.42512704 4:51:39.7165 3.1247639207240216 -6.0465098775371615 0.3285732621155879 57849.0
1733 0:30:27.42512704 4:51:39.7165 3.1247639207240216 -6.0465098775371615 0.5900829896661053 57849.0
1734 0:30:27.42512704 4:51:39.7165 3.1247639207240216 -6.0465098775371615 0.8515927172166227 57849.0
1735 0:30:27.42512704 4:51:39.7165 3.1247639207240216 -6.0465098775371615 1.11310244476714 57849.0
1736 0:30:27.42512704 4:51:39.7165 3.2072240580737574 -6.2578345561116056 0.06706353456507053 57849.0
1737 0:30:27.42512704 4:51:39.7165 3.2072240580737574 -6.2578345561116056 0.3285732621155879 57849.0
1738 0:30:27.42512704 4:51:39.7165 3.2072240580737574 -6.2578345561116056 0.5900829896661053 57849.0
1739 0:30:27.42512704 4:51:39.7165 3.2072240580737574 -6.2578345561116056 0.8515927172166227 57849.0
1740 0:30:27.42512704 4:51:39.7165 3.2072240580737574 -6.1521722168243835 0.06706353456507053 57849.0
1741 0:30:27.42512704 4:51:39.7165 3.2072240580737574 -6.1521722168243835 0.3285732621155879 57849.0
1742 0:30:27.42512704 4:51:39.7165 3.2072240580737574 -6.1521722168243835 0.5900829896661053 57849.0
1743 0:30:27.42512704 4:51:39.7165 3.2072240580737574 -6.1521722168243835 0.8515927172166227 57849.0
1744 0:30:27.42512704 4:51:39.7165 3.2072240580737574 -6.1521722168243835 1.11310244476714 57849.0
1745 0:30:27.42512704 4:51:39.7165 3.2072240580737574 -6.0465098775371615 0.06706353456507053 57849.0
1746 0:30:27.42512704 4:51:39.7165 3.2072240580737574 -6.0465098775371615 0.3285732621155879 57849.0
1747 0:30:27.42512704 4:51:39.7165 3.2072240580737574 -6.0465098775371615 0.5900829896661053 57849.0
1748 0:30:27.42512704 4:51:39.7165 3.2072240580737574 -6.0465098775371615 0.8515927172166227 57849.0
1749 0:30:27.42512704 4:51:39.7165 3.2072240580737574 -6.0465098775371615 1.11310244476714 57849.0
